Artist,Title,"('PeakPos', 'min')","('Duration', 'max')","('Date', 'min')"
Post Malone Featuring Ty Dolla $ign,Psycho,1.0,15.0,2018-03-10
Drake,Nice For What,1.0,9.0,2018-04-21
"Cardi B, Bad Bunny & J Balvin",I Like It,3.0,9.0,2018-04-21
Maroon 5 Featuring Cardi B,Girls Like You,4.0,2.0,2018-06-09
Drake,God's Plan,1.0,20.0,2018-02-03
Ella Mai,Boo'd Up,6.0,10.0,2018-04-14
Childish Gambino,This Is America,1.0,5.0,2018-05-19
Kanye West,Yikes,8.0,1.0,2018-06-16
Juice WRLD,Lucid Dreams,9.0,4.0,2018-05-26
"Zedd, Maren Morris & Grey",The Middle,5.0,19.0,2018-02-10
Kanye West,All Mine,11.0,1.0,2018-06-16
Bebe Rexha & Florida Georgia Line,Meant To Be,2.0,33.0,2017-11-11
Ariana Grande,No Tears Left To Cry,3.0,7.0,2018-05-05
Marshmello & Anne-Marie,Friends,11.0,17.0,2017-09-09
Lil Baby & Drake,Yes Indeed,6.0,4.0,2018-05-26
Kanye West Featuring PARTYNEXTDOOR,Ghost Town,16.0,17.0,2015-07-04
Migos Featuring Drake,Walk It Talk It,10.0,19.0,2018-02-10
Camila Cabello,Never Be The Same,6.0,25.0,2017-12-30
BlocBoy JB Featuring Drake,Look Alive,5.0,17.0,2016-09-03
Shawn Mendes,In My Blood,11.0,12.0,2018-03-31
Ed Sheeran,Perfect,1.0,41.0,2015-11-07
Imagine Dragons,Whatever It Takes,12.0,19.0,2017-06-03
Bazzi,Mine,11.0,20.0,2018-02-03
Kanye West Featuring PARTYNEXTDOOR,Wouldn't Leave,24.0,1.0,2018-06-16
Cardi B,Be Careful,11.0,10.0,2018-04-14
Maroon 5,Wait,24.0,21.0,2017-11-25
Kanye West,Violent Crimes,27.0,1.0,2018-06-16
Kanye West,I Thought About Killing You,28.0,1.0,2018-06-16
Post Malone Featuring 21 Savage,Rockstar,1.0,38.0,2017-10-07
Kane Brown,Heaven,15.0,24.0,2017-10-28
Selena Gomez,Back To You,31.0,10.0,2017-08-12
Drake,I'm Upset,19.0,2.0,2018-06-09
Camila Cabello Featuring Young Thug,Havana,1.0,43.0,2017-08-26
Post Malone,Better Now,7.0,6.0,2018-05-12
Rich The Kid,Plug Walk,13.0,17.0,2018-02-24
Kanye West,No Mistakes,36.0,1.0,2018-06-16
Taylor Swift,Delicate,28.0,13.0,2018-03-24
Calvin Harris & Dua Lipa,One Kiss,32.0,9.0,2018-04-21
Lil Dicky Featuring Chris Brown,Freaky Friday,8.0,12.0,2018-03-31
Dua Lipa,New Rules,6.0,45.0,2017-08-19
Dan + Shay,Tequila,37.0,13.0,2018-01-27
Khalid & Normani,Love Lies,35.0,16.0,2018-03-03
"Casper Magico, Nio Garcia, Darell, Nicky Jam, Ozuna & Bad Bunny",Te Bote,36.0,7.0,2018-05-05
The Weeknd & Kendrick Lamar,Pray For Me,7.0,18.0,2018-02-17
Luke Combs,One Number Away,34.0,12.0,2018-03-31
Nicki Minaj,Chun-Li,10.0,9.0,2018-04-21
6ix9ine Featuring DJ SPINKING,TATI,46.0,2.0,2018-06-09
BTS,Fake Love,8.0,25.0,2016-11-12
Juice WRLD,All Girls Are The Same,47.0,4.0,2018-05-26
Bruno Mars & Cardi B,Finesse,3.0,23.0,2018-01-13
XXXTENTACION,Sad!,7.0,14.0,2018-03-17
The Weeknd,Call Out My Name,4.0,10.0,2018-04-14
Lauv,I Like Me Better,53.0,17.0,2018-02-24
Dua Lipa,IDGAF,49.0,21.0,2018-01-27
Florida Georgia Line,Simple,55.0,1.0,2018-06-16
Kenny Chesney,Get Along,56.0,9.0,2018-04-21
Nicky Jam x J Balvin,X,36.0,21.0,2016-10-01
Morgan Wallen Featuring Florida Georgia Line,Up Down,54.0,11.0,2018-04-07
Tyga Featuring Offset,Taste,59.0,2.0,2018-06-09
J. Cole,KOD,10.0,7.0,2018-05-05
Charlie Puth Featuring Kehlani,Done For Me,53.0,5.0,2018-05-19
Jason Aldean,You Make It Easy,28.0,19.0,2018-02-10
Post Malone Featuring Nicki Minaj,Ball For Me,16.0,6.0,2018-05-12
Foster The People,Sit Next To Me,63.0,12.0,2018-03-31
Daddy Yankee,Dura,43.0,18.0,2018-02-17
Lil Pump,Esskeetit,24.0,8.0,2018-04-28
Rae Sremmurd & Juicy J,Powerglide,28.0,14.0,2018-03-17
Famous Dex,Japan,28.0,11.0,2018-04-07
Dierks Bentley,"Woman, Amen",67.0,9.0,2018-04-14
A$AP Rocky Featuring Skepta,Praise The Lord (Da Shine),45.0,2.0,2018-06-09
David Lee Murphy & Kenny Chesney,Everything's Gonna Be Alright,69.0,7.0,2018-05-05
YoungBoy Never Broke Again,Overdose,42.0,6.0,2018-05-12
Halsey Featuring Big Sean & Stefflon Don,Alone,60.0,10.0,2016-11-05
Brett Young,Mercy,15.0,32.0,2016-09-10
El Chombo Featuring Cutty Ranks,Dame Tu Cosita,36.0,7.0,2018-05-05
Blake Shelton,I Lived It,64.0,14.0,2018-03-17
Luke Combs,Beautiful Crazy,58.0,3.0,2018-05-19
"Diplo, French Montana & Lil Pump Featuring Zhavia Ward",Welcome To The Party,78.0,2.0,2018-06-02
Billie Eilish & Khalid,Lovely,79.0,2.0,2018-06-09
"Khalid, Ty Dolla $ign & 6LACK",OTW,57.0,8.0,2017-01-07
Luke Combs,Must've Never Met You,81.0,1.0,2018-06-16
Bad Wolves,Zombie,54.0,13.0,2018-03-24
Jhene Aiko Featuring Swae Lee Or Rae Sremmurd,Sativa,74.0,13.0,2018-03-17
Cardi B Featuring Migos,Drip,21.0,9.0,2018-04-21
Gorillaz Featuring George Benson,Humility,85.0,1.0,2018-06-16
Jake Owen,I Was Jack (You Were Diane),86.0,2.0,2018-06-09
Travis Scott Featuring Lil Uzi Vert & Kanye West,Watch,16.0,5.0,2018-05-19
Post Malone,Rich & Sad,14.0,6.0,2018-05-12
Weezer,Africa,89.0,1.0,2018-06-16
Playboi Carti Featuring Lil Uzi Vert,Shoota,46.0,4.0,2018-05-26
"YG Featuring 2 Chainz, Big Sean & Nicki Minaj",Big Bank,66.0,2.0,2018-06-09
Lil Baby Featuring Gunna & Lil Uzi Vert,Life Goes On,74.0,3.0,2018-06-02
Lil Skies,Lust,87.0,4.0,2018-05-26
Post Malone,Paranoid,11.0,6.0,2018-05-12
Jordan Davis,Singles You Up,50.0,18.0,2018-02-17
5 Seconds Of Summer,Youngblood,96.0,1.0,2018-06-16
Ozuna & Romeo Santos,El Farsante,49.0,19.0,2018-02-10
Rich The Kid Featuring Kendrick Lamar,New Freezer,41.0,19.0,2018-02-10
Becky G + Natti Natasha,Sin Pijama,99.0,1.0,2018-06-16
Chris Lane Featuring Tori Kelly,Take Back Home Girl,92.0,2.0,2018-04-14
Kendrick Lamar & SZA,All The Stars,7.0,21.0,2018-01-20
Offset & Metro Boomin,Ric Flair Drip,13.0,31.0,2017-11-18
A$AP Rocky Featuring Moby,A$AP Forever,63.0,2.0,2018-04-21
Pusha T,Infrared,65.0,1.0,2018-06-09
"Jay Rock, Kendrick Lamar, Future & James Blake",King's Dead,21.0,20.0,2018-01-27
Pusha T,If You Know You Know,73.0,1.0,2018-06-09
Pusha T Featuring Kanye West,What Would Meek Do?,75.0,1.0,2018-06-09
Shawn Mendes Featuring Khalid,Youth,23.0,18.0,2016-02-20
Jennifer Lopez Featuring DJ Khaled & Cardi B,Dinero,80.0,1.0,2018-06-09
Darius Rucker,For The First Time,58.0,10.0,2018-04-07
Luke Bryan,Most People Are Good,43.0,18.0,2018-02-10
Logic & Marshmello,Everyday,29.0,13.0,2015-06-20
Post Malone Featuring Swae Lee,Spoil My Night,15.0,5.0,2018-05-12
Panic! At The Disco,High Hopes,98.0,1.0,2018-06-09
XXXTENTACION,Moonlight,35.0,9.0,2017-07-29
Pusha T,The Games We Play,100.0,1.0,2018-06-09
Kevin Gates,Change Lanes,68.0,1.0,2018-06-02
Kris Wu,Like That,73.0,1.0,2018-06-02
Lil Baby,Southside,79.0,1.0,2018-06-02
Kevin Gates,Let It Sing,82.0,1.0,2018-06-02
Pharrell Williams x Camila Cabello,Sangria Wine,83.0,1.0,2018-06-02
NAV Featuring Travis Scott,Champion,86.0,1.0,2018-06-02
Lil Skies Featuring Landon Cube,Red Roses,69.0,20.0,2018-01-20
Post Malone,Stay,7.0,31.0,2017-03-18
J. Cole,ATM,6.0,5.0,2018-05-05
J. Cole,Kevin's Heart,8.0,5.0,2018-05-05
Meghan Trainor,No Excuses,46.0,12.0,2018-03-17
Bhad Bhabie Featuring Lil Yachty,Gucci Flip Flops,79.0,3.0,2018-05-19
YoungBoy Never Broke Again,Outside Today,31.0,19.0,2018-01-27
Sam Hunt,Downtown's Dead,98.0,1.0,2018-06-02
Backstreet Boys,Don't Go Breaking My Heart,99.0,1.0,2018-06-02
Migos,Stir Fry,8.0,21.0,2018-01-06
Reik Featuring Ozuna & Wisin,Me Niego,77.0,1.0,2018-05-26
Post Malone,Over Now,24.0,3.0,2018-05-12
Post Malone,Zack And Codeine,23.0,3.0,2018-05-12
Post Malone Featuring G-Eazy & YG,Same Bitches,20.0,3.0,2018-05-12
Tank,When We,78.0,20.0,2017-12-09
Carrie Underwood,Cry Pretty,48.0,3.0,2018-04-28
Post Malone,Takin' Shots,29.0,3.0,2018-05-12
Post Malone,92 Explorer,40.0,3.0,2018-05-12
Justin Timberlake Featuring Chris Stapleton,Say Something,9.0,16.0,2018-02-10
Cardi B Featuring 21 Savage,Bartier Cardi,14.0,20.0,2018-01-06
Nicki Minaj,Barbie Tingz,25.0,4.0,2018-04-21
Post Malone,Otherside,46.0,2.0,2018-05-12
Post Malone,Blame It On Me,47.0,2.0,2018-05-12
YoungBoy Never Broke Again,Diamond Teeth Samurai,59.0,5.0,2018-04-21
Mason Ramsey,Famous,34.0,14.0,2016-04-23
Cardi B Featuring SZA,I Do,23.0,5.0,2018-04-21
YoungBoy Never Broke Again,Preach,82.0,2.0,2015-02-28
Post Malone,Candy Paint,34.0,21.0,2017-11-11
Post Malone,Sugar Wraith,57.0,1.0,2018-05-12
J. Cole,Motiv8,15.0,2.0,2018-05-05
Post Malone,Jonestown (Interlude),73.0,1.0,2018-05-12
J. Cole,1985 (Intro To The Fall Off),20.0,2.0,2018-05-05
J. Cole,Photograph,10.0,30.0,2015-05-30
Kanye West Featuring T.I.,Ye vs The People,85.0,1.0,2018-05-12
Cardi B Featuring Kehlani,Ring,28.0,4.0,2018-04-21
XXXTENTACION,Changes,37.0,9.0,2018-03-17
J. Cole Featuring kiLL edward,The Cut Off,28.0,1.0,2018-05-05
J. Cole,Brackets,30.0,1.0,2018-05-05
Avicii,Wake Me Up!,4.0,54.0,2018-05-05
J. Cole,Window Pain (Outro),41.0,1.0,2018-05-05
Imagine Dragons,Thunder,4.0,52.0,2017-05-20
J. Cole,Once An Addict (Interlude),47.0,1.0,2018-05-05
NF,Let You Down,12.0,28.0,2017-11-04
Portugal. The Man,Feel It Still,4.0,45.0,2017-07-08
J. Cole,Intro,53.0,1.0,2018-05-05
Sugarland Featuring Taylor Swift,Babe,72.0,1.0,2018-05-05
Brett Eldredge,The Long Way,65.0,12.0,2018-02-17
Keala Settle & The Greatest Showman Ensemble,This Is Me,58.0,14.0,2018-01-13
Rae Sremmurd & Travis Scott,Close,14.0,20.0,2016-04-16
Cardi B,Thru Your Phone,50.0,3.0,2018-04-21
Cardi B Featuring Chance The Rapper,Best Life,39.0,3.0,2018-04-21
MAX Featuring gnash,Lights Down Low,20.0,28.0,2017-10-28
Post Malone,I Fall Apart,16.0,30.0,2017-10-14
G-Eazy & Halsey,Him & I,14.0,20.0,2017-12-23
Halsey,Bad At Love,5.0,33.0,2017-09-23
Thomas Rhett,Marry Me,30.0,20.0,2017-12-23
Cardi B,Bickenhead,43.0,2.0,2018-04-21
Zayn,Let Me,73.0,1.0,2018-04-28
The Weeknd,Wasted Times,27.0,3.0,2018-04-14
Cardi B,Get Up 10,38.0,2.0,2018-04-21
Swae Lee Featuring Slim Jxmmi,Guatemala,84.0,1.0,2018-04-28
Cardi B,Money Bag,58.0,2.0,2018-04-21
Young Thug Featuring Nicki Minaj,Anybody,89.0,1.0,2018-04-28
Cardi B & YG,She Bad,57.0,2.0,2018-04-21
6ix9ine,Billy,50.0,8.0,2018-03-10
"DJ Khaled Featuring JAY Z, Future & B",Top Off,22.0,7.0,2018-03-17
High Valley,She's With Me,79.0,8.0,2018-03-10
Daniel Caesar Featuring Kali Uchis,Get You,93.0,6.0,2018-03-03
SZA,Broken Clocks,82.0,4.0,2018-03-17
Scotty McCreery,Five More Minutes,44.0,20.0,2017-12-23
6ix9ine,Gotti,99.0,1.0,2018-04-28
Derez De'Shon,Hardaway,61.0,11.0,2018-02-17
Demi Lovato,Tell Me You Love Me,53.0,20.0,2017-09-16
The Weeknd,Try Me,26.0,20.0,2015-01-03
Chris Stapleton,Broken Halos,45.0,20.0,2017-05-06
Queen Naija,Medicine,45.0,2.0,2018-04-14
Devin Dawson,All On Me,52.0,20.0,2017-11-18
Alice Merton,No Roots,84.0,3.0,2018-04-07
2 Chainz Featuring YG & Offset,Proud,96.0,2.0,2018-04-14
The Weeknd Featuring Gesaffelstein,I Was Never There,35.0,1.0,2018-04-14
The Weeknd Featuring Gesaffelstein,Hurt You,43.0,1.0,2018-04-14
N*E*R*D & Rihanna,Lemon,36.0,22.0,2017-11-25
The Weeknd,Privilege,52.0,1.0,2018-04-14
Lil Skies Featuring Landon Cube,Nowadays,55.0,13.0,2018-01-20
Panic! At The Disco,Say Amen (Saturday Night),60.0,2.0,2018-04-07
YoungBoy Never Broke Again,No Smoke,61.0,18.0,2017-12-09
Chris Brown,Tempo,88.0,4.0,2018-03-17
"Tyler, The Creator",OKRA,89.0,1.0,2018-04-14
Luis Fonsi & Demi Lovato,Echame La Culpa,47.0,20.0,2017-12-09
Old Dominion,Written In The Sand,51.0,20.0,2017-12-09
Ozuna x Cardi B,La Modelo,52.0,14.0,2018-01-06
P!nk,Beautiful Trauma,78.0,15.0,2017-12-09
Lil Yachty Featuring NBA YoungBoy,NBAYoungboat,63.0,4.0,2018-03-24
H.E.R.,Focus,7.0,13.0,2015-11-21
G-Eazy Featuring A$AP Rocky & Cardi B,No Limit,4.0,29.0,2016-07-16
Kendrick Lamar Featuring Zacari,Love.,11.0,40.0,2017-05-06
Selena Gomez X Marshmello,Wolves,20.0,23.0,2017-11-11
"Migos, Nicki Minaj & Cardi B",MotorSport,6.0,22.0,2017-11-18
6ix9ine,Gummo,12.0,20.0,2017-12-02
Shawn Mendes,Lost In Japan,64.0,1.0,2018-04-07
Famous Dex Featuring A$AP Rocky,Pick It Up,54.0,20.0,2017-12-02
Lil Xan,Betrayed,64.0,20.0,2017-12-02
Logic,44 More,22.0,5.0,2018-03-10
Migos,Narcos,36.0,9.0,2018-02-10
Blac Youngsta,Booty,73.0,5.0,2018-03-10
YBN Nahmir,Rubbin Off The Paint,46.0,17.0,2017-11-25
XXXTENTACION,The Remedy For A Broke Heart (Why Am I So In Love),67.0,2.0,2018-03-31
Trippie Redd Featuring Travis Scott,Dark Knight Dummo,72.0,7.0,2017-12-30
Khalid,Young Dumb & Broke,18.0,36.0,2017-08-05
Charlie Puth,How Long,21.0,24.0,2017-10-28
Lin-Manuel Miranda & Ben Platt,Found / Tonight,49.0,1.0,2018-03-31
Miguel Featuring Travis Scott,Sky Walker,29.0,26.0,2017-09-23
XXXTENTACION,Numb,11.0,33.0,2017-08-12
XXXTENTACION Featuring Joey Bada$$,Infinity (888),83.0,1.0,2018-03-31
XXXTENTACION,Going Down!,95.0,1.0,2018-03-31
Jacquees X Dej Loaf,At The Club,86.0,7.0,2018-02-17
The Chainsmokers,Everybody Hates Me,100.0,1.0,2018-03-31
A$AP Ferg Featuring Nicki Minaj,Plain Jane,26.0,25.0,2017-10-14
Demi Lovato,Sorry Not Sorry,6.0,36.0,2016-01-02
Logic Featuring Wiz Khalifa,Indica Badu,56.0,1.0,2018-03-24
Logic,Contra,60.0,1.0,2018-03-24
Logic,Overnight,68.0,1.0,2018-03-24
Lil Yachty Featuring Trippie Redd,66,73.0,1.0,2018-03-24
Logic,Midnight,74.0,1.0,2018-03-24
Logic Featuring Big Sean,Wassup,83.0,1.0,2018-03-24
Eminem Featuring Ed Sheeran,River,11.0,13.0,2018-01-03
Logic,Yuck,87.0,1.0,2018-03-24
Lil Yachty Featuring Ugly God,Boom!,88.0,1.0,2018-03-24
Logic,BoomTrap Protocol,97.0,1.0,2018-03-24
Logic Featuring Young Sinatra,Warm It Up,98.0,1.0,2018-03-24
Macklemore Featuring Kesha,Good Old Days,48.0,20.0,2017-10-14
Carrie Underwood Featuring Ludacris,The Champion,47.0,3.0,2018-01-27
"6ix9ine, Fetty Wap & A Boogie Wit da Hoodie",Keke,43.0,8.0,2018-01-27
Joyner Lucas & Chris Brown,Stranger Things,91.0,1.0,2018-03-17
SOB X RBE,Paramedic!,65.0,4.0,2018-02-24
Maluma X Nego do Borel,Corazon,87.0,9.0,2018-01-13
Cardi B,Bodak Yellow (Money Moves),1.0,35.0,2017-07-22
5 Seconds Of Summer,Want You Back,61.0,1.0,2018-03-10
Russell Dickerson,Yours,49.0,20.0,2017-11-04
6ix9ine Featuring Tory Lanez & Young Thug,Rondo,73.0,1.0,2018-03-10
Walker Hayes,You Broke Up With Me,62.0,19.0,2017-11-04
6ix9ine,Kooda,50.0,9.0,2017-12-23
Khalid & Swae Lee,The Ways,63.0,3.0,2018-02-24
Migos Featuring Post Malone,Notice Me,52.0,5.0,2018-02-10
Kodak Black Featuring Lil Wayne,Codeine Dreaming,52.0,14.0,2017-12-16
Becky G Featuring Bad Bunny,Mayores,74.0,18.0,2017-11-04
Cole Swindell,Break Up In The End,98.0,1.0,2018-03-10
Janelle Monae,Make Me Feel,99.0,1.0,2018-03-10
Plies,Rock,95.0,5.0,2018-02-03
Ed Sheeran,Shape Of You,1.0,59.0,2017-01-28
Sam Smith,Too Good At Goodbyes,4.0,24.0,2017-09-30
Lil Pump,Gucci Gang,3.0,24.0,2017-09-30
Gucci Mane Featuring Migos,I Get The Bag,11.0,27.0,2017-09-09
Hailee Steinfeld & Alesso Featuring Florida Georgia Line & Watt,Let Me Go,40.0,22.0,2017-09-30
Kendrick Lamar & Travis Scott,Big Shot,71.0,2.0,2018-02-24
Kelsea Ballerini,Legends,68.0,12.0,2017-12-16
Taylor Swift Featuring Ed Sheeran & Future,End Game,18.0,14.0,2017-12-09
Liam Payne & Rita Ora,For You (Fifty Shades Freed),76.0,3.0,2018-01-20
WALK THE MOON,One Foot,65.0,8.0,2018-01-13
Keith Urban,Female,69.0,6.0,2017-12-02
Logic Featuring Alessia Cara & Khalid,1-800-273-8255,3.0,42.0,2017-05-20
Kodak Black Featuring XXXTENTACION,Roll In Peace,31.0,26.0,2017-09-09
Justin Timberlake,Filthy,9.0,6.0,2018-01-20
Kendrick Lamar,Black Panther,91.0,1.0,2018-02-24
Natti Natasha x Ozuna,Criminal,95.0,3.0,2017-12-23
Zac Efron & Zendaya,Rewrite The Stars,70.0,7.0,2018-01-13
Brett Young,Like I Loved You,46.0,20.0,2017-10-14
Chris Young,Losing Sleep,60.0,20.0,2017-10-14
Justin Timberlake,Man Of The Woods,73.0,1.0,2018-02-17
Drake,Diplomatic Immunity,7.0,3.0,2018-02-03
Migos Featuring 21 Savage,BBO (Bad Bitches Only),48.0,2.0,2018-02-10
The Chainsmokers,Sick Boy,65.0,3.0,2018-02-03
Easton Corbin,A Girl Like You,98.0,1.0,2018-02-17
Justin Timberlake,Supplies,71.0,2.0,2018-02-03
Imagine Dragons,Believer,4.0,52.0,2017-02-25
Lil Uzi Vert Featuring Nicki Minaj,The Way Life Goes,24.0,23.0,2017-09-16
Migos,Supastars,53.0,1.0,2018-02-10
"Migos Featuring Travis Scott, Ty Dolla $ign & Big Sean",White Sand,64.0,1.0,2018-02-10
Migos,Gang Gang,73.0,1.0,2018-02-10
Migos,Higher We Go (Intro),83.0,1.0,2018-02-10
Migos,Auto Pilot,85.0,1.0,2018-02-10
Migos,Emoji A Chain,87.0,1.0,2018-02-10
Eric Church,Round Here Buzz,56.0,19.0,2017-10-14
Migos Featuring Gucci Mane,CC,96.0,1.0,2018-02-10
"Sofi Tukker Featuring NERVO, The Knocks & Alisa Ueno",Best Friend,45.0,20.0,2015-12-12
BTS Featuring Desiigner,MIC Drop,28.0,10.0,2017-12-16
Maroon 5 Featuring SZA,What Lovers Do,9.0,22.0,2017-09-16
J Balvin & Willy William Featuring Beyonce,Mi Gente,3.0,30.0,2017-07-22
21 Savage,Bank Account,12.0,29.0,2017-07-29
Charlie Puth,Attention,5.0,40.0,2016-12-17
French Montana Featuring Swae Lee,Unforgettable,3.0,42.0,2017-04-29
"Chris Brown Featuring Yo Gotti, A Boogie Wit da Hoodie & Kodak Black",Pills And Automobiles,46.0,20.0,2017-09-30
LANCO,Greatest Love Story,45.0,21.0,2017-09-23
NF,No Name,82.0,1.0,2018-02-03
Quavo & Lil Yachty,Ice Tray,74.0,6.0,2018-01-03
"Hugh Jackman, Keala Settle, Zac Efron, Zendaya & The Greatest Showman Ensemble",The Greatest Show,88.0,4.0,2018-01-13
Loren Allred,Never Enough,88.0,4.0,2015-12-05
Lil Baby,My Dawg,71.0,7.0,2017-12-30
Blake Shelton,I'll Name The Dogs,56.0,20.0,2017-09-30
SZA,The Weekend,29.0,25.0,2017-01-21
Marshmello Featuring Khalid,Silence,30.0,23.0,2017-09-02
Troye Sivan,My My My!,80.0,1.0,2018-01-27
"Farruko, Nicki Minaj, Bad Bunny, 21 Savage & Rvssian",Krippy Kush,75.0,6.0,2017-12-16
Taylor Swift,...Ready For It?,4.0,20.0,2017-09-23
Enrique Iglesias Featuring Bad Bunny,El Bano,98.0,1.0,2018-01-27
Luis Fonsi & Daddy Yankee Featuring Justin Bieber,Despacito,1.0,52.0,2017-02-04
Bruno Mars,That's What I Like,1.0,52.0,2016-12-10
Maren Morris,I Could Use A Love Song,56.0,21.0,2017-09-02
Clean Bandit Featuring Julia Michaels,I Miss You,92.0,1.0,2018-01-20
Niall Horan,Too Much To Ask,66.0,12.0,2017-10-07
"Machine Gun Kelly, X Ambassadors & Bebe Rexha",Home,74.0,5.0,2015-11-07
Yo Gotti,Juice,90.0,6.0,2017-12-23
P!nk,What About Us,13.0,22.0,2017-08-26
Taylor Swift,Look What You Made Me Do,1.0,20.0,2017-09-09
Luke Bryan,Light It Up,57.0,20.0,2016-04-02
Zayn Featuring Sia,Dusk Till Dawn,44.0,17.0,2017-09-30
NAV Featuring Lil Uzi Vert,Wanted You,64.0,7.0,2017-12-02
XXXTENTACION Featuring Trippie Redd,F**k Love,41.0,19.0,2017-09-16
Mariah Carey,All I Want For Christmas Is You,9.0,24.0,2015-01-03
Brenda Lee,Rockin' Around The Christmas Tree,14.0,22.0,2015-12-26
Andy Williams,It's The Most Wonderful Time Of The Year,32.0,5.0,2017-01-07
Nat King Cole,The Christmas Song (Merry Christmas To You),37.0,12.0,2016-01-09
Burl Ives,A Holly Jolly Christmas,38.0,5.0,2017-01-07
Tay-K,The Race,44.0,20.0,2017-08-26
Huncho Jack Featuring Takeoff,Eye 2 Eye,65.0,1.0,2018-01-06
Huncho Jack,Modern Slavery,68.0,1.0,2018-01-06
Imagine Dragons + Khalid,Thunder/Young Dumb & Broke (Medley),69.0,1.0,2018-01-06
Huncho Jack,Black & Chinese,71.0,1.0,2018-01-06
Huncho Jack Featuring Offset,Dubai Shit,83.0,1.0,2018-01-06
Huncho Jack,Huncho Jack,87.0,1.0,2018-01-06
Huncho Jack,Motorcycle Patches,90.0,1.0,2018-01-06
Huncho Jack,Saint,92.0,1.0,2018-01-06
Eminem Featuring Beyonce,Walk On Water,14.0,5.0,2017-12-02
Wham!,Last Christmas,41.0,4.0,2017-01-07
Jose Feliciano,Feliz Navidad,44.0,2.0,2017-01-07
Bobby Helms,Jingle Bell Rock,29.0,20.0,2016-01-09
Addison Agen,Tennessee Rain,67.0,1.0,2018-01-03
Chloe Kohanski,Wish I Didn't Love You,69.0,1.0,2018-01-03
Red Marlow,I Pray,84.0,1.0,2018-01-03
Eminem,Believe,31.0,15.0,2015-03-28
Kendrick Lamar,Humble.,1.0,37.0,2017-04-22
Shawn Mendes,There's Nothing Holdin' Me Back,6.0,34.0,2017-05-13
Big Sean & Metro Boomin Featuring Travis Scott,Go Legend,67.0,1.0,2017-12-30
Luke Combs,When It Rains It Pours,33.0,20.0,2017-08-19
Big Sean & Metro Boomin Featuring 21 Savage,Pull Up N Wreck,80.0,2.0,2017-11-25
Migos & Marshmello,Danger,82.0,1.0,2017-12-30
Eminem,Untouchable,86.0,2.0,2017-09-02
"21 Savage, Offset & Metro Boomin Featuring Travis Scott",Ghostface Killers,35.0,7.0,2017-11-18
XXXTENTACION,Jocelyn Flores,31.0,16.0,2017-09-16
Calvin Harris Featuring Kehlani & Lil Yachty,Faking It,94.0,4.0,2017-12-09
Post Malone Featuring Quavo,Congratulations,8.0,50.0,2016-12-31
Kelly Clarkson,Love So Soft,47.0,13.0,2017-09-30
Kodak Black,Transportin',46.0,16.0,2017-09-09
Garth Brooks,Ask Me How I Know,71.0,7.0,2017-11-04
Romeo Santos Featuring Nicky Jam & Daddy Yankee,Bella y Sensual,95.0,1.0,2017-12-23
Lil Uzi Vert,Sauce It Up,49.0,15.0,2017-09-16
Yo Gotti Featuring Nicki Minaj,Rake It Up,8.0,22.0,2017-07-22
Kesha,Praying,22.0,21.0,2017-07-29
Liam Payne Featuring Quavo,Strip That Down,10.0,28.0,2017-06-10
Blackbear,Do Re Mi,40.0,25.0,2017-05-13
Niall Horan,Slow Hands,11.0,31.0,2017-05-20
Chris Janson,Fix A Drink,67.0,14.0,2017-09-02
Jake Paul Featuring Team 10,It's Everyday Bro,91.0,2.0,2017-06-24
Post Malone,Go Flex,76.0,11.0,2016-05-14
Chloe Kohanski,Total Eclipse Of The Heart,99.0,1.0,2017-12-16
Shakira Featuring Nicky Jam,Perro Fiel,100.0,1.0,2017-12-16
Lil Peep,Awful Things,79.0,1.0,2017-12-09
Young Thug Featuring Future,Relationship,65.0,14.0,2017-07-08
Carly Pearce,Every Little Thing,50.0,17.0,2017-08-19
Macklemore Featuring Skylar Grey,Glorious,49.0,19.0,2017-07-29
Chris Brown,Questions,78.0,13.0,2017-09-09
Tim McGraw & Faith Hill,The Rest Of Our Life,98.0,1.0,2017-12-09
Kane Brown Featuring Lauren Alaina,What Ifs,26.0,23.0,2017-07-01
Lil Uzi Vert,XO TOUR Llif3,7.0,34.0,2017-04-15
The Chainsmokers & Coldplay,Something Just Like This,3.0,39.0,2017-03-11
GoldLink Featuring Brent Faiyaz & Shy Glizzy,Crew,45.0,21.0,2017-07-15
Taylor Swift,Call It What You Want,27.0,2.0,2017-11-25
"21 Savage, Offset & Metro Boomin Featuring Quavo",Rap Saved Me,64.0,3.0,2017-11-18
Taylor Swift,Gorgeous,13.0,4.0,2017-11-11
Florida Georgia Line,Smooth,89.0,7.0,2017-10-21
G-Eazy,The Plan,96.0,1.0,2017-12-02
Future & Young Thug Featuring Offset,Patek Water,50.0,4.0,2017-11-11
DJ Khaled Featuring Rihanna & Bryson Tiller,Wild Thoughts,2.0,21.0,2017-07-08
Sam Hunt,Body Like A Back Road,6.0,41.0,2017-02-18
21 Savage & Metro Boomin,My Choppa Hate N****s,73.0,2.0,2017-11-18
Sam Smith Featuring Logic,Pray,55.0,2.0,2017-10-28
"21 Savage, Offset & Metro Boomin",Mad Stalkers,99.0,1.0,2017-11-25
Offset & Metro Boomin,Nightmare,100.0,1.0,2017-11-25
Khalid,Location,16.0,43.0,2017-01-28
Jon Pardi,Heartache On The Dance Floor,47.0,18.0,2017-07-22
Jacquees,B.E.D.,69.0,13.0,2017-08-26
"Quavo, Takeoff & Offset",Too Hotty,91.0,4.0,2017-10-28
Kenny Chesney,All The Pretty Girls,63.0,14.0,2017-08-19
Kip Moore,More Girls Like You,66.0,12.0,2017-09-02
Chris Brown Featuring Future & Young Thug,High End,82.0,2.0,2017-11-04
SZA Featuring Travis Scott,Love Galore,32.0,20.0,2017-07-01
Travis Scott,Butterfly Effect,51.0,22.0,2017-06-17
Future & Young Thug,No Cap,62.0,1.0,2017-11-11
Future,Feed Me Dope,68.0,1.0,2017-11-11
Wisin Featuring Ozuna,Escapate Conmigo,63.0,20.0,2017-07-01
Future & Young Thug,All Da Smoke,77.0,1.0,2017-11-11
"2 Chainz Featuring Ty Dolla $ign, Trey Songz & Jhene Aiko",It's A Vibe,44.0,20.0,2017-07-01
Future,4 Da Gang,92.0,1.0,2017-11-11
Liam Payne,Bedroom Floor,98.0,1.0,2017-11-11
Future & Young Thug,Three,100.0,1.0,2017-11-11
James Arthur,Say You Won't Let Go,11.0,52.0,2016-11-12
Cheat Codes Featuring Demi Lovato,No Promises,38.0,23.0,2017-06-03
Dustin Lynch,Small Town Boy,36.0,20.0,2017-06-24
Gucci Mane Featuring The Weeknd,Curve,67.0,3.0,2017-10-07
"Calvin Harris Featuring Pharrell Williams, Katy Perry & Big Sean",Feels,20.0,18.0,2017-07-08
Gucci Mane Featuring Slim Jxmmi & Young Dolph,Stunting Ain't Nuthin,95.0,1.0,2017-11-04
Jason Aldean,They Don't Know,67.0,12.0,2017-08-19
Billy Currington,Do I Make You Wanna,47.0,19.0,2017-07-01
Lin-Manuel Miranda Featuring Artists For Puerto Rico,Almost Like Praying,20.0,1.0,2017-10-28
Kendrick Lamar Featuring Rihanna,Loyalty.,14.0,26.0,2017-05-06
Maren Morris Featuring Vince Gill,Dear Hate,91.0,1.0,2017-10-28
A Boogie Wit da Hoodie,Say A',75.0,2.0,2017-10-21
BTS,DNA,67.0,4.0,2017-10-07
Childish Gambino,Redbone,12.0,44.0,2016-12-10
Bhad Bhabie,Hi Bich,68.0,1.0,2017-10-21
A Boogie Wit da Hoodie Featuring 21 Savage,Undefeated,84.0,1.0,2017-10-21
A Boogie Wit da Hoodie Featuring PnB Rock & YoungBoy Never Broke Again,Beast Mode,86.0,1.0,2017-10-21
Brothers Osborne,It Ain't My Fault,79.0,16.0,2017-07-01
Old Dominion,No Such Thing As A Broken Heart,46.0,19.0,2017-06-17
Meek Mill Featuring Chris Brown & Ty Dolla $ign,Whatever You Need,51.0,13.0,2017-06-24
"DJ Khaled Featuring Justin Bieber, Quavo, Chance The Rapper & Lil Wayne",I'm The One,1.0,22.0,2017-05-20
Maluma,Felices Los 4,48.0,20.0,2017-06-03
Selena Gomez Featuring Gucci Mane,Fetish,27.0,12.0,2017-07-29
The Revivalists,Wish I Knew You,84.0,9.0,2017-08-19
Future,Mask Off,5.0,31.0,2017-03-11
"Lorde Featuring Khalid, Post Malone & SZA",Homemade Dynamite,92.0,1.0,2017-10-07
Midland,Drinkin' Problem,45.0,20.0,2017-05-27
XXXTENTACION,Everybody Dies In Their Nightmares,54.0,4.0,2017-09-16
Bhad Bhabie,These Heaux,77.0,3.0,2017-09-23
Metro Boomin Featuring Offset & Drake,No Complaints,71.0,5.0,2017-07-15
Playboi Carti,Magnolia,29.0,20.0,2017-05-20
Kane Brown,Found You,80.0,1.0,2017-09-30
Bruno Mars,Versace On The Floor,33.0,14.0,2016-12-10
Katy Perry Featuring Nicki Minaj,Swish Swish,46.0,10.0,2017-06-10
Lil Uzi Vert,444+222,60.0,3.0,2017-09-16
Dylan Scott,My Girl,39.0,20.0,2017-05-13
Hailee Steinfeld,Most Girls,58.0,16.0,2017-06-10
Lil Uzi Vert,Dark Queen,91.0,2.0,2017-09-16
Lil Uzi Vert Featuring Pharrell Williams,Neon Guts,79.0,2.0,2017-09-16
XXXTENTACION,Revenge,77.0,2.0,2017-09-16
Justin Moore,Somebody Else Will,59.0,13.0,2017-06-24
The Weeknd,Reminder,31.0,17.0,2016-12-17
DeJ Loaf,No Fear,100.0,1.0,2017-09-23
Kygo x Selena Gomez,It Ain't Me,10.0,29.0,2017-03-04
Kendrick Lamar,DNA.,4.0,20.0,2017-05-06
Lil Uzi Vert,Two,80.0,1.0,2017-09-16
Lil Uzi Vert,For Real,82.0,1.0,2017-09-16
Lil Uzi Vert Featuring The Weeknd,UnFazed,84.0,1.0,2017-09-16
Lil Uzi Vert,No Sleep Leak,90.0,1.0,2017-09-16
XXXTENTACION,Depression & Obsession,91.0,1.0,2017-09-16
XXXTENTACION,Save Me,94.0,1.0,2017-09-16
XXXTENTACION,Carry On,95.0,1.0,2017-09-16
Fifth Harmony Featuring Gucci Mane,Down,21.0,17.0,2017-02-04
Halsey,Now Or Never,17.0,20.0,2017-04-29
YFN Lucci Featuring PnB Rock,Everyday We Lit,33.0,20.0,2017-04-29
A Boogie Wit da Hoodie Featuring Kodak Black,Drowning,38.0,21.0,2017-04-22
Ed Sheeran,Castle On The Hill,6.0,33.0,2017-01-28
Lady Antebellum,You Look Good,59.0,20.0,2017-04-22
David Guetta Featuring Justin Bieber,2U,16.0,11.0,2017-07-01
Miley Cyrus,Younger Now,79.0,1.0,2017-09-09
RiceGum Featuring Alissa Violet,Its Every Night Sis,80.0,1.0,2017-09-09
The Chainsmokers,Honest,77.0,4.0,2017-08-19
Cole Swindell,Flatliner,56.0,18.0,2017-04-29
Rae Sremmurd,Perplexing Pegasus,84.0,3.0,2017-08-26
Chris Lane,For Her,92.0,4.0,2017-08-19
Kodak Black,Patty Cake,76.0,3.0,2017-08-26
2 Chainz Featuring Travis Scott,4 AM,55.0,12.0,2017-06-24
Chris Brown,Privacy,62.0,17.0,2017-05-20
"Major Lazer Featuring Travis Scott, Camila Cabello & Quavo",Know No Better,87.0,3.0,2017-06-24
Brett Young,In Case You Didn't Know,19.0,28.0,2017-02-25
Migos Featuring Gucci Mane,Slippery,29.0,21.0,2017-02-18
Thomas Rhett Featuring Maren Morris,Craving You,39.0,20.0,2017-04-22
Miley Cyrus,Malibu,10.0,15.0,2017-05-27
Selena Gomez,Bad Liar,20.0,14.0,2017-06-03
Tee Grizzley,First Day Out,48.0,20.0,2017-04-22
Wiz Khalifa Featuring Ty Dolla $ign,Something New,92.0,3.0,2016-03-26
Descendants 2 Cast,It's Goin' Down,77.0,4.0,2017-08-12
Nicky Jam,El Amante,92.0,15.0,2017-02-18
Playboi Carti Featuring Lil Uzi Vert,Wokeuplikethis*,76.0,10.0,2017-05-20
Julia Michaels,Issues,11.0,29.0,2017-02-11
Camila Cabello Featuring Quavo,OMG,81.0,1.0,2017-08-26
"China Anne McClain, Thomas Doherty & Dylan Playfair",What's My Name,61.0,3.0,2017-08-12
Future Featuring Nicki Minaj,You Da Baddest,38.0,2.0,2017-08-19
"Sofia Carson, Cameron Boyce, Booboo Stewart & Mitchell Hope",Chillin' Like A Villain,95.0,1.0,2017-08-26
Ayo & Teo,Rolex,20.0,25.0,2017-03-04
Drake,Passionfruit,8.0,20.0,2017-04-08
Jason Derulo Featuring Nicki Minaj & Ty Dolla $ign,Swalla,29.0,20.0,2017-04-08
"Enrique Iglesias Featuring Descemer Bueno, Zion & Lennox Or Sean Paul",Subeme La Radio,81.0,9.0,2017-04-22
Florida Georgia Line Featuring Backstreet Boys,"God, Your Mama, And Me",46.0,19.0,2017-03-18
Linkin Park Featuring Kiiara,Heavy,45.0,19.0,2017-03-11
Kesha,Learn To Let Go,97.0,1.0,2017-08-19
Drake,Signs,36.0,6.0,2017-07-15
Linkin Park,In The End,2.0,39.0,2017-08-12
The Chainsmokers Featuring Halsey,Closer,1.0,52.0,2016-08-20
Keith Urban Featuring Carrie Underwood,The Fighter,38.0,23.0,2016-06-04
Meek Mill,Wins & Losses,79.0,1.0,2017-08-12
Meek Mill,1942 Flows,83.0,1.0,2017-08-12
Rascal Flatts,Yours If You Want It,71.0,10.0,2017-06-10
Romeo Santos,Imitadora,91.0,1.0,2017-08-12
JAY-Z,The Story Of O.J.,23.0,3.0,2017-07-29
Meek Mill Featuring Young Thug,We Ball,96.0,1.0,2017-08-12
Meek Mill Featuring Lil Uzi Vert,F**k That Check Up,97.0,1.0,2017-08-12
Meek Mill,Heavy Heart,99.0,1.0,2017-08-12
Migos Featuring Lil Uzi Vert,Bad And Boujee,1.0,36.0,2016-12-03
KYLE Featuring Lil Yachty,iSpy,4.0,30.0,2017-01-14
Bruno Mars,24K Magic,4.0,41.0,2016-10-29
JAY-Z,4:44,35.0,2.0,2017-07-29
Camila Cabello,Crying In The Club,47.0,9.0,2017-06-10
French Montana Featuring The Weeknd & Max B,A Lie,75.0,1.0,2017-08-05
Blake Shelton,Every Time I Hear That Song,56.0,11.0,2017-05-27
Jake Paul & Erika Costell Featuring Uncle Kade,Jerika,86.0,1.0,2017-08-05
Lady Gaga,The Cure,39.0,14.0,2017-05-06
AJR,Weak,73.0,11.0,2017-04-29
Kesha Featuring The Dap-Kings Horns,Woman,96.0,1.0,2017-08-05
Calvin Harris Featuring Future & Khalid,Rollin,62.0,4.0,2017-06-03
Kendrick Lamar,Element.,16.0,11.0,2017-05-06
Calvin Harris Featuring Frank Ocean & Migos,Slide,25.0,20.0,2017-03-18
"JAY-Z Featuring Damian ""Jr. Gong"" Marely",Bam,47.0,1.0,2017-07-29
Luke Combs,Hurricane,31.0,22.0,2017-03-04
JAY-Z Featuring Beyonce,Family Feud,51.0,1.0,2017-07-29
JAY-Z,Kill Jay Z,55.0,1.0,2017-07-29
JAY-Z Featuring Gloria Carter,Smile,56.0,1.0,2017-07-29
JAY-Z Featuring Frank Ocean,Caught Their Eyes,63.0,1.0,2017-07-29
JAY-Z,Marcy Me,90.0,1.0,2017-07-29
Zedd & Liam Payne,Get Low,61.0,9.0,2015-04-18
Travis Scott,Goosebumps,32.0,34.0,2016-09-24
Migos,T-Shirt,19.0,25.0,2016-03-19
Kodak Black,Tunnel Vision,6.0,20.0,2017-03-11
Harry Styles,Sign Of The Times,4.0,13.0,2017-04-29
"Tyler, The Creator",Who Dat Boy,87.0,1.0,2017-07-22
Drake Featuring Quavo & Travis Scott,Portland,9.0,16.0,2017-04-08
Russ,Losin Control,62.0,19.0,2017-03-18
Future Featuring YG,Extra Luv,99.0,1.0,2017-07-22
Dan + Shay,How Not To,57.0,14.0,2017-04-22
DJ Khaled & Calvin Harris Featuring Travis Scott & Jeremih,Don't Quit,68.0,1.0,2017-07-15
DJ Khaled Featuring Drake,To The Max,53.0,4.0,2017-06-24
Darius Rucker,If I Told You,53.0,11.0,2017-04-29
"DJ Khaled Featuring Travis Scott, Rick Ross & Big Sean",On Everything,88.0,1.0,2017-07-15
Maroon 5 Featuring Future,Cold,16.0,20.0,2017-03-04
2 Chainz x Gucci Mane x Quavo,Good Drank,70.0,16.0,2017-02-11
DJ Khaled Featuring Beyonce & JAY Z,Shining,57.0,14.0,2017-03-04
Alessia Cara,Scars To Your Beautiful,8.0,43.0,2016-09-17
XXXTENTACION,Look At Me!,34.0,20.0,2017-02-25
Zac Brown Band,My Old Man,68.0,4.0,2017-02-25
Trey Songz,Nobody Else But You,92.0,3.0,2017-06-24
Plies Featuring Kodak Black,Real Hitta,100.0,1.0,2017-07-08
Rae Sremmurd,Swang,26.0,26.0,2017-01-07
Katy Perry Featuring Migos,Bon Appetit,59.0,6.0,2017-05-20
Dierks Bentley,Black,56.0,19.0,2017-02-04
Josh Turner,Hometown Girl,56.0,16.0,2017-03-18
Drake,Gyalchester,29.0,11.0,2017-04-08
Clean Bandit Featuring Sean Paul & Anne-Marie,Rockabye,9.0,27.0,2016-12-24
Lil Yachty Featuring Migos,Peek A Boo,78.0,4.0,2017-05-06
Gucci Mane Featuring Offset,Met Gala,88.0,2.0,2017-06-17
Martin Garrix & Dua Lipa,Scared To Be Lonely,76.0,14.0,2017-02-18
Rag'n'Bone Man,Human,74.0,7.0,2017-04-22
The Chainsmokers,Paris,6.0,20.0,2017-02-04
Bryson Tiller,Somethin Tells Me,74.0,1.0,2017-06-17
Shakira,Me Enamore,83.0,2.0,2017-06-03
Bryson Tiller,Self-Made,85.0,1.0,2017-06-17
Bryson Tiller,Don't Get Too High,89.0,1.0,2017-06-17
Bryson Tiller,Run Me Dry,91.0,1.0,2017-06-17
Martin Garrix x Troye Sivan,There For You,94.0,1.0,2017-06-17
Bryson Tiller,No Longer Friends,98.0,1.0,2017-06-17
Halsey Featuring Lauren Jauregui,Strangers,100.0,1.0,2017-06-17
Lauren Duski,Deja Vu,7.0,20.0,2016-10-01
Chris Blue,Money On You,66.0,1.0,2017-06-10
Katy Perry Featuring Skip Marley,Chained To The Rhythm,4.0,15.0,2017-03-04
Machine Gun Kelly Featuring Hailee Steinfeld,At My Best,60.0,8.0,2017-04-08
Lauren Duski,The Dance,92.0,1.0,2017-06-10
Lee Brice,Boy,94.0,1.0,2017-06-10
Chris Stapleton,Either Way,89.0,2.0,2017-05-27
Jason Aldean,Any Ol' Barstool,52.0,18.0,2017-02-11
Rihanna,Love On The Brain,5.0,31.0,2016-06-11
Gucci Mane Featuring Drake,Both,41.0,22.0,2017-01-07
The Weeknd Featuring Daft Punk,I Feel It Coming,4.0,26.0,2016-12-10
Zayn / Taylor Swift,I Don't Wanna Live Forever (Fifty Shades Darker),2.0,23.0,2016-12-31
Big Sean,Bounce Back,6.0,28.0,2016-11-26
6LACK,Prblms,72.0,8.0,2017-04-01
Kelsea Ballerini,Yeah Boy,65.0,13.0,2017-03-04
G-Eazy & Kehlani,Good Life,59.0,5.0,2017-05-06
Flo Rida & 99 Percent,Cake,73.0,6.0,2017-04-29
Lauren Duski,Ghost In This House,98.0,1.0,2017-06-03
Logic,Everybody,59.0,2.0,2017-04-22
Lord Huron,The Night We Met,84.0,4.0,2017-05-06
Ed Sheeran,Galway Girl,53.0,5.0,2017-03-25
Big Sean,Moves,38.0,19.0,2017-01-14
Justin Timberlake,Can't Stop The Feeling!,1.0,52.0,2016-05-28
Kygo & Ellie Goulding,First Time,67.0,1.0,2017-05-20
Kendrick Lamar Featuring U2,XXX.,33.0,3.0,2017-05-06
Chris Brown Featuring Usher & Gucci Mane,Party,40.0,20.0,2017-01-07
Kendrick Lamar,Yah.,32.0,3.0,2017-05-06
Harry Styles,Sweet Creature,93.0,1.0,2017-05-20
Future Featuring Rihanna,Selfish,37.0,19.0,2016-11-26
Starley,Call On Me,65.0,18.0,2016-12-03
Dwayne Johnson,You're Welcome,65.0,13.0,2016-12-17
Lana Del Rey Featuring The Weeknd,Lust For Life,64.0,1.0,2017-05-13
Kendrick Lamar,Feel.,35.0,2.0,2017-05-06
Kendrick Lamar,Pride.,37.0,2.0,2017-05-06
Kendrick Lamar,Lust.,42.0,2.0,2017-05-06
Zayn Featuring PARTYNEXTDOOR,Still Got Time,66.0,3.0,2017-04-15
Lorde,Green Light,19.0,9.0,2017-03-18
Auli'i Cravalho,How Far I'll Go,41.0,20.0,2016-12-17
Paramore,Hard Times,90.0,1.0,2017-05-13
Kendrick Lamar,Fear.,50.0,2.0,2017-05-06
"Nicki Minaj, Drake & Lil Wayne",No Frauds,14.0,7.0,2017-04-01
Kendrick Lamar,God.,58.0,2.0,2017-05-06
Kendrick Lamar,Blood.,54.0,1.0,2017-05-06
Jon Pardi,Dirt On My Boots,37.0,20.0,2016-12-24
Kendrick Lamar,Duckworth.,63.0,1.0,2017-05-06
Luke Bryan,Fast,58.0,13.0,2017-02-11
Logic Featuring Damian Lemar Hudson,Black SpiderMan,87.0,1.0,2017-05-06
The Weeknd Featuring Daft Punk,Starboy,1.0,30.0,2016-10-08
Maroon 5 Featuring Kendrick Lamar,Don't Wanna Know,6.0,27.0,2016-10-29
Train,Play That Song,41.0,20.0,2016-12-10
Drake,Free Smoke,18.0,4.0,2017-04-08
Lauren Alaina,Road Less Traveled,67.0,12.0,2017-02-11
The Chainsmokers,The One,78.0,2.0,2017-04-22
Future,Draco,46.0,8.0,2017-03-11
Drake,Blem,38.0,4.0,2017-04-08
Michael Ray,Think A Little Less,54.0,16.0,2017-01-14
Drake,Teenage Fever,35.0,4.0,2017-04-08
Kenny Chesney,Bar At The End Of The World,92.0,1.0,2017-04-29
Lady Gaga,Million Reasons,4.0,20.0,2016-10-29
Adele,Water Under The Bridge,26.0,22.0,2015-12-12
Machine Gun Kelly x Camila Cabello,Bad Things,4.0,23.0,2016-11-05
Tim McGraw & Faith Hill,Speak To A Girl,61.0,2.0,2017-04-15
Miranda Lambert,Tin Man,75.0,1.0,2017-04-22
Kendrick Lamar,The Heart Part 4,22.0,2.0,2017-04-15
Drake Featuring 2 Chainz & Young Thug,Sacrifices,36.0,3.0,2017-02-25
Kodak Black Featuring Future,Conscience,93.0,1.0,2017-04-22
"Calvin Harris Featuring Young Thug, Pharrell Williams & Ariana Grande",Heatstroke,96.0,1.0,2017-04-22
Drake Featuring Jorja Smith & Black Coffee,Get It Together,45.0,2.0,2017-04-08
Drake Featuring Giggs,No Long Talk,40.0,2.0,2017-04-08
Drake Featuring Giggs,KMT,48.0,2.0,2017-04-08
Drake Featuring Sampha,4422,50.0,2.0,2017-04-08
Drake,Jorja Interlude,49.0,2.0,2017-04-08
Drake,Madiba Riddim,51.0,2.0,2017-04-08
Drake Featuring Young Thug,Ice Melts,62.0,2.0,2017-04-08
Drake,Do Not Disturb,60.0,2.0,2017-04-08
Drake Featuring Kanye West,Glow,54.0,2.0,2017-04-08
Drake,Can't Have Everything,82.0,2.0,2017-04-08
The Weeknd,Party Monster,16.0,19.0,2016-12-10
Drake,Nothings Into Somethings,61.0,2.0,2017-04-08
DJ Snake Featuring Justin Bieber,Let Me Love You,4.0,33.0,2016-05-07
Drake,Lose You,64.0,1.0,2017-04-08
Drake Featuring PARTYNEXTDOOR,Since Way Back,70.0,1.0,2017-04-08
Noah Cyrus Featuring Labrinth,Make Me (Cry),46.0,15.0,2016-12-17
Drake,Skepta Interlude,76.0,1.0,2017-04-08
Eric Church Featuring Rhiannon Giddens,Kill A Word,71.0,15.0,2016-11-26
Rick Ross Featuring Young Thug & Wale,Trap Trap Trap,97.0,1.0,2017-04-08
Rae Sremmurd Featuring Gucci Mane,Black Beatles,1.0,27.0,2016-10-01
twenty one pilots,Heathens,2.0,39.0,2016-07-09
Amine,Caroline,11.0,28.0,2016-09-24
Nicki Minaj,Regret In Your Tears,61.0,1.0,2017-04-01
Little Big Town,Better Man,34.0,20.0,2016-11-19
Nicki Minaj & Lil Wayne,Changed It,71.0,1.0,2017-04-01
Frank Ocean,Chanel,72.0,1.0,2017-04-01
Lorde,Liability,78.0,1.0,2017-04-01
Bebe Rexha,I Got You,43.0,11.0,2017-01-21
Ed Sheeran,Dive,49.0,2.0,2017-03-25
Chris Young Featuring Vince Gill,Sober Saturday Night,47.0,11.0,2017-01-21
Brad Paisley,Today,67.0,11.0,2016-10-29
Ed Sheeran,Happier,59.0,2.0,2017-03-25
Future Featuring The Weeknd,Comin Out Strong,48.0,3.0,2017-03-18
Shakira Featuring Maluma,Chantaje,51.0,18.0,2016-11-19
Jon Bellion,All Time Low,16.0,22.0,2016-10-29
Ariana Grande Featuring Nicki Minaj,Side To Side,4.0,28.0,2016-09-17
Ed Sheeran,New Man,72.0,1.0,2017-03-25
Ed Sheeran,Supermarket Flowers,75.0,1.0,2017-03-25
Ed Sheeran,What Do I Know?,83.0,1.0,2017-03-25
Ed Sheeran,How Would You Feel (Paean),41.0,2.0,2017-03-11
Ed Sheeran,Eraser,90.0,1.0,2017-03-25
Future Featuring Drake,Used To This,14.0,18.0,2016-11-26
Ed Sheeran,Hearts Don't Break Around Here,93.0,1.0,2017-03-25
Ed Sheeran,Barcelona,96.0,1.0,2017-03-25
Thomas Rhett,Star Of The Show,45.0,19.0,2016-11-19
Blake Shelton,A Guy With A Girl,42.0,17.0,2016-12-03
Shawn Mendes,Treat You Better,6.0,39.0,2016-06-25
DJ Suede The Remix God,Cash Me Outside (#CashMeOutside),72.0,3.0,2017-03-04
Lana Del Rey,Love,44.0,2.0,2017-03-11
21 Savage & Metro Boomin,No Heart,43.0,19.0,2016-11-12
Gucci Mane & Nicki Minaj,Make Love,78.0,1.0,2017-03-18
John Legend,Love Me Now,23.0,19.0,2016-10-29
PARTYNEXTDOOR,Not Nice,82.0,7.0,2017-02-04
D.R.A.M. Featuring Lil Yachty,Broccoli,5.0,37.0,2016-07-02
Niall Horan,This Town,20.0,22.0,2016-10-15
Future,Rent Money,54.0,1.0,2017-03-11
Hey Violet,Guys My Age,68.0,5.0,2017-02-11
Dustin Lynch,Seein' Red,55.0,9.0,2017-01-14
Future,Super Trapper,91.0,1.0,2017-03-11
Calum Scott,Dancing On My Own,93.0,2.0,2017-02-11
Big Sean Featuring Eminem,No Favors,22.0,3.0,2017-02-25
Future,Zoom,99.0,1.0,2017-03-11
Hailee Steinfeld & Grey Featuring Zedd,Starving,12.0,29.0,2016-08-20
Zay Hilfigerrr & Zayion McCall,Juju On That Beat (TZ Anthem),5.0,21.0,2016-10-08
Nick Jonas & Nicki Minaj,Bom Bidi Bom,54.0,1.0,2017-03-04
Sia,Helium,71.0,1.0,2017-03-04
Romeo Santos,Heroe Favorito,77.0,1.0,2017-03-04
Kaleo,Way Down We Go,54.0,8.0,2017-01-14
Kodak Black,Everything 1K,84.0,1.0,2017-03-04
Brett Eldredge,Wanna Be That Song,46.0,20.0,2016-10-22
Rihanna,Sex With Me,83.0,15.0,2016-08-06
G-Eazy Featuring Marc E. Bassy,Some Kind Of Drug,97.0,3.0,2017-02-18
Sia Featuring Sean Paul,Cheap Thrills,1.0,52.0,2016-03-05
The Chainsmokers Featuring Daya,Don't Let Me Down,3.0,52.0,2016-02-27
Sia Featuring Kendrick Lamar,The Greatest,18.0,23.0,2016-09-24
Lady Gaga,Bad Romance,2.0,35.0,2017-02-25
Fitz And The Tantrums,HandClap,53.0,20.0,2016-10-15
Big Sean,Halfway Off The Balcony,74.0,1.0,2017-02-25
Big Sean,Jump Out The Window,76.0,1.0,2017-02-25
Big Sean,Owe Me,86.0,1.0,2017-02-25
Ariana Grande & John Legend,Beauty And The Beast,87.0,1.0,2017-02-25
Mariah Carey Featuring YG,I Don't,89.0,1.0,2017-02-25
Maren Morris,80s Mercedes,74.0,13.0,2016-11-05
Sage The Gemini,Now & Later,93.0,1.0,2017-02-25
Big Sean Featuring Jeremih,Light,97.0,1.0,2017-02-25
Migos Featuring Travis Scott,Kelly Price,58.0,2.0,2017-02-18
Keith Urban,Blue Ain't Your Color,24.0,21.0,2016-10-01
Migos,Call Casting,62.0,1.0,2017-02-18
Major Lazer Featuring PARTYNEXTDOOR & Nicki Minaj,Run Up,66.0,1.0,2017-02-18
Missy Elliott Featuring Lamb,I'm Better,71.0,1.0,2017-02-18
Migos,Get Right Witcha,72.0,1.0,2017-02-18
Granger Smith,If The Boot Fits,80.0,3.0,2017-01-28
Carrie Underwood,Dirty Laundry,48.0,16.0,2016-11-05
Andy Grammer,Fresh Eyes,59.0,18.0,2016-10-22
Migos Featuring DJ Khaled,Culture,93.0,1.0,2017-02-18
Rob $tone Featuring J. Davi$ & Spooks,Chill Bill,29.0,26.0,2016-08-20
Major Lazer Featuring Justin Bieber & MO,Cold Water,2.0,27.0,2016-08-13
John Mayer,Love On The Weekend,53.0,2.0,2016-12-10
Drake Featuring 21 Savage,Sneakin',28.0,14.0,2016-11-12
Old Dominion,Song For Another Time,59.0,18.0,2016-10-15
Flume Featuring Tove Lo,Say It,23.0,24.0,2015-11-07
Ugly God,Water,80.0,4.0,2017-01-21
Wale Featuring Lil Wayne,Running Back,100.0,1.0,2017-02-11
Lil Uzi Vert,You Was Right,40.0,28.0,2016-07-30
Martin Garrix & Bebe Rexha,In The Name Of Love,24.0,23.0,2016-09-03
Halsey,Not Afraid Anymore,77.0,1.0,2017-02-04
21 Savage,Red Opps,74.0,5.0,2017-01-07
J. Cole,Neighbors,13.0,6.0,2016-12-31
A Boogie Wit da Hoodie Featuring DJ SPINKING,Timeless,86.0,4.0,2017-01-14
Chris Stapleton,Parachute,78.0,5.0,2016-12-10
The Chainsmokers Featuring Phoebe Ryan,All We Know,18.0,16.0,2016-10-22
Steve Aoki & Louis Tomlinson,Just Hold On,52.0,6.0,2016-12-31
Travis Scott,Beibs In The Trap,90.0,3.0,2017-01-21
A Boogie Wit da Hoodie,My Sh*t,86.0,12.0,2016-11-05
Young M.A,OOOUUU,19.0,20.0,2016-09-17
gnash Featuring Olivia O'Brien,I Hate U I Love U,10.0,39.0,2016-05-07
Florida Georgia Line Featuring Tim McGraw,May We All,30.0,20.0,2016-09-17
Brett Young,Sleep Without You,47.0,18.0,2016-10-01
Sam Hunt,Drinkin' Too Much,89.0,1.0,2017-01-28
J. Cole,Immortal,11.0,5.0,2016-12-31
Russ,What They Want,83.0,8.0,2016-11-12
X Ambassadors,Unsteady,20.0,34.0,2016-06-04
DJ ESCO Featuring Future & Lil Uzi Vert,Too Much Sauce,50.0,20.0,2016-09-10
Tim McGraw,How I'll Always Be,70.0,12.0,2016-11-05
Pentatonix,Hallelujah,23.0,11.0,2015-05-09
Daddy Yankee,Shaky Shaky,88.0,2.0,2017-01-14
YFN Lucci Featuring Migos & Trouble,Key To The Streets,70.0,11.0,2016-10-08
Opetaia Foa'i & Lin-Manuel Miranda,We Know The Way,93.0,2.0,2016-12-17
Wham! Featuring George Michael,Careless Whisper,1.0,22.0,2017-01-14
George Michael,Faith,1.0,21.0,2017-01-14
Young Thug And Travis Scott Featuring Quavo,Pick Up The Phone,43.0,20.0,2016-09-03
Kodak Black,No Flockin,95.0,1.0,2017-01-14
Nicki Minaj X Mike WiLL Made-It,Black Barbies,65.0,2.0,2016-12-24
Olivia O'Brien,Hate U Love U,99.0,1.0,2017-01-14
Pentatonix,"Mary, Did You Know?",26.0,7.0,2015-01-03
"DJ Khaled Featuring Nicki Minaj, Chris Brown, August Alsina, Jeremih, Future & Rick Ross",Do You Mind,27.0,20.0,2016-08-27
Lil Yachty,1 Night,49.0,20.0,2016-08-13
J. Cole,Change,21.0,2.0,2016-12-31
J. Cole,She's Mine Pt.1,22.0,2.0,2016-12-31
J. Cole,Ville Mentality,24.0,2.0,2016-12-31
J. Cole,For Whom The Bell Tolls,23.0,2.0,2016-12-31
The Weeknd,Six Feet Under,34.0,4.0,2016-12-17
The Weeknd Featuring Kendrick Lamar,Sidewalks,27.0,4.0,2016-12-17
J. Cole,Foldin Clothes,30.0,2.0,2016-12-31
J. Cole,4 Your Eyez Only,29.0,1.0,2016-12-31
J. Cole,She's Mine Pt. 2,34.0,1.0,2016-12-31
J. Cole,False Prophets,54.0,2.0,2016-12-24
J. Cole,Everybody Dies,57.0,1.0,2016-12-31
PARTYNEXTDOOR Featuring Drake,Come And See Me,55.0,24.0,2016-04-23
Sundance Head,Darlin' Don't Go,67.0,1.0,2016-12-31
Sundance Head,At Last,89.0,1.0,2016-12-31
Kenny Chesney Featuring P!nk,Setting The World On Fire,29.0,20.0,2016-08-20
The Weeknd,Die For You,43.0,3.0,2016-12-17
Calvin Harris Featuring Rihanna,This Is What You Came For,3.0,32.0,2016-05-21
twenty one pilots,Ride,5.0,39.0,2016-04-02
Rihanna,Needed Me,7.0,45.0,2016-02-20
Drake Featuring WizKid & Kyla,One Dance,1.0,36.0,2016-04-23
Desiigner,Tiimmy Turner,34.0,20.0,2016-08-13
The Weeknd,Secrets,47.0,2.0,2016-12-17
Childish Gambino,Me And Your Mama,68.0,2.0,2016-12-03
The Weeknd,True Colors,48.0,2.0,2016-05-21
Cole Swindell,Middle Of A Memory,46.0,20.0,2016-08-13
The Weeknd,Rockin',44.0,2.0,2016-12-17
The Weeknd Featuring Future,All I Know,46.0,2.0,2016-12-17
Fifth Harmony,That's My Girl,73.0,3.0,2016-12-10
The Weeknd,False Alarm,55.0,4.0,2016-10-22
The Weeknd,Ordinary Life,72.0,2.0,2016-12-17
The Weeknd Featuring Lana Del Rey,Stargirl Interlude,61.0,1.0,2016-12-17
The Weeknd,Nothing Without You,68.0,1.0,2016-12-17
The Weeknd,A Lonely Night,69.0,1.0,2016-12-17
The Weeknd,Love To Lay,71.0,1.0,2016-12-17
Kehlani,Distraction,85.0,1.0,2016-12-17
Jason Aldean,A Little More Summertime,52.0,13.0,2016-08-06
Kanye West,Fade,47.0,13.0,2016-09-24
Frenship & Emily Warren,Capsize,78.0,10.0,2016-10-15
Kiiara,Gold,13.0,27.0,2016-06-11
"Lil Wayne, Wiz Khalifa & Imagine Dragons With Logic & Ty Dolla $ign Feat. X Ambassadors",Sucker For Pain,15.0,22.0,2016-07-16
Desiigner,Panda,1.0,40.0,2016-03-12
Tory Lanez,Luv,19.0,22.0,2016-07-16
Calvin Harris,My Way,7.0,22.0,2015-07-18
Zara Larsson,Ain't My Fault,76.0,7.0,2016-10-29
Luke Bryan,Move,50.0,14.0,2016-09-10
Britney Spears Featuring Tinashe,Slumber Party,86.0,1.0,2016-12-10
Miranda Lambert,Vice,47.0,19.0,2016-08-06
Meek Mill Featuring Tory Lanez,Litty,49.0,4.0,2016-11-19
PIKOTARO,PPAP (Pen-Pineapple-Apple-Pen),77.0,4.0,2016-10-29
Pitbull Featuring Flo Rida & LunchMoney Lewis,Greenlight,95.0,4.0,2016-11-12
Eminem,Infinite,97.0,1.0,2016-12-10
Adele,Send My Love (To Your New Lover),8.0,27.0,2015-12-12
Chance The Rapper Featuring Lil Wayne & 2 Chainz,No Problem,43.0,26.0,2016-06-04
Drake Featuring Rihanna,Too Good,14.0,29.0,2016-05-21
Charlie Puth Featuring Selena Gomez,We Don't Talk Anymore,9.0,24.0,2016-02-20
A Tribe Called Quest,We The People....,77.0,1.0,2016-12-03
The Chainsmokers Featuring XYLO,Setting Fires,71.0,2.0,2016-11-26
Billy Currington,It Don't Hurt Like It Used To,44.0,17.0,2016-08-13
Little Mix,Shout Out To My Ex,69.0,3.0,2016-11-12
"DJ Drama Featuring Chris Brown, Skeme & Lyquin",Wishing,77.0,14.0,2016-09-03
Daya,"Sit Still, Look Pretty",28.0,24.0,2016-06-18
Lil Uzi Vert,Money Longer,54.0,22.0,2016-07-02
LOCASH,I Know Somebody,52.0,11.0,2016-09-17
The Game Featuring Jeremih,All Eyez,79.0,5.0,2016-10-22
Dae Dae,"Wat U Mean (Aye, Aye, Aye)",66.0,17.0,2016-08-06
Beyonce,Hold Up,13.0,14.0,2016-05-14
Kehlani,Gangsta,41.0,12.0,2016-08-27
Coldplay,Hymn For The Weekend,25.0,23.0,2016-02-20
Meek Mill Featuring Lil Uzi Vert & Nicki Minaj,Froze,68.0,1.0,2016-11-19
Meek Mill Featuring Young Thug & 21 Savage,Offended,70.0,1.0,2016-11-19
Drake,"Two Birds, One Stone",73.0,1.0,2016-11-19
Meek Mill,On The Regular,75.0,1.0,2016-11-19
Meek Mill Featuring Quavo,The Difference,84.0,1.0,2016-11-19
Meek Mill,Blue Notes,93.0,1.0,2016-11-19
Meek Mill,Blessed Up,97.0,1.0,2016-11-19
Tove Lo,Cool Girl,84.0,5.0,2016-08-27
Ariana Grande,Into You,13.0,24.0,2016-05-28
Drake,Controlla,16.0,26.0,2016-05-21
Lady Gaga,A-YO,66.0,1.0,2016-11-12
Lady Gaga,Perfect Illusion,15.0,6.0,2016-10-01
Kungs vs Cookin' On 3 Burners,This Girl,26.0,14.0,2016-08-13
YG Featuring Drake & Kamaiyah,Why You Always Hatin?,62.0,18.0,2016-07-09
Kehlani,CRZY,85.0,5.0,2016-10-15
French Montana Featuring Kodak Black,Lockjaw,73.0,13.0,2016-07-23
Marc E. Bassy Featuring G-Eazy,You & Me,58.0,16.0,2016-07-30
DJ Khaled Featuring Drake,For Free,13.0,20.0,2016-06-25
Fifth Harmony Featuring Ty Dolla $ign,Work From Home,4.0,34.0,2016-03-19
Dua Lipa,Blow Your Mind (Mwah),72.0,1.0,2016-11-05
Dierks Bentley Featuring Elle King,Different For Girls,42.0,20.0,2016-06-18
ScHoolboy Q Featuring Kanye West,THat Part,40.0,20.0,2016-06-04
Fifth Harmony Featuring Fetty Wap,All In My Head (Flex),24.0,18.0,2016-07-09
Tucker Beathard,Rock On,62.0,10.0,2016-09-03
William Michael Morgan,I Met A Girl,60.0,9.0,2016-09-10
DJ Khaled Featuring Jay Z & Future,I Got The Keys,30.0,17.0,2016-07-16
P!nk,Just Like Fire,10.0,26.0,2016-05-07
Kanye West,Father Stretch My Hands Pt. 1,37.0,23.0,2016-04-23
Grace Featuring G-Eazy,You Don't Own Me,57.0,20.0,2016-05-07
Kelsea Ballerini,Peter Pan,35.0,20.0,2016-06-18
OneRepublic,Kids,96.0,1.0,2016-10-29
"Artists Of Then, Now & Forever",Forever Country,21.0,4.0,2016-10-08
Solange,Cranes In The Sky,74.0,2.0,2016-10-22
Future Featuring The Weeknd,Low Life,18.0,35.0,2016-02-27
Sam Hunt,Make You Miss Me,45.0,19.0,2016-06-18
Solange Featuring Sampha,Don't Touch My Hair,91.0,1.0,2016-10-22
CL,LIFTED,94.0,1.0,2016-10-22
Rihanna Featuring Drake,Work,1.0,36.0,2016-02-13
Mike Posner,I Took A Pill In Ibiza,4.0,37.0,2016-02-06
Flume Featuring Kai,Never Be Like You,20.0,26.0,2016-04-23
Florida Georgia Line,H.O.L.Y.,14.0,22.0,2016-05-21
Lukas Graham,Mama Said,36.0,11.0,2016-08-06
Meghan Trainor,Me Too,13.0,20.0,2016-06-04
Skrillex & Rick Ross,Purple Lamborghini,33.0,10.0,2016-08-13
Nicky Jam,With You Tonight / Hasta El Amanecer,73.0,19.0,2016-06-11
Justin Moore,You Look Like I Need A Drink,79.0,8.0,2016-08-27
French Montana Featuring Drake,No Shopping,36.0,11.0,2016-08-06
Lukas Graham,7 Years,2.0,36.0,2016-02-06
twenty one pilots,Cancer,91.0,1.0,2016-10-08
Wale,My PYT,54.0,15.0,2016-07-02
Chris Brown,Grass Ain't Greener,71.0,4.0,2016-09-17
twenty one pilots,Stressed Out,2.0,52.0,2015-05-16
Kent Jones,Don't Mind,8.0,20.0,2016-05-21
Katy Perry,Rise,11.0,9.0,2016-08-06
Britney Spears Featuring G-Eazy,Make Me...,17.0,9.0,2016-08-06
Blake Shelton,She's Got A Way With Words,61.0,12.0,2016-07-16
Drake,Childs Play,49.0,14.0,2016-05-21
Jake Owen,American Country Love Song,55.0,17.0,2016-03-26
Beyonce,Sorry,1.0,42.0,2015-11-14
Dan + Shay,From The Ground Up,48.0,16.0,2016-06-11
Selena Gomez,Kill Em With Kindness,39.0,15.0,2016-06-18
DNCE,Cake By The Ocean,9.0,46.0,2015-11-07
Future,Wicked,41.0,20.0,2016-05-07
Young Thug,Wyclef Jean,87.0,1.0,2016-09-17
Eric Church,Record Year,44.0,20.0,2016-04-23
Enrique Iglesias Featuring Wisin,Duele El Corazon,82.0,8.0,2016-07-30
Carrie Underwood,Church Bells,43.0,17.0,2016-05-28
Justin Bieber,Love Yourself,1.0,41.0,2015-12-05
Frank Ocean,Nikes,79.0,1.0,2016-09-10
Frank Ocean,Ivy,80.0,1.0,2016-09-10
Frank Ocean,Pink + White,84.0,1.0,2016-09-10
Frank Ocean,Solo,96.0,1.0,2016-09-10
Frank Ocean,Nights,98.0,1.0,2016-09-10
MadeinTYO,Uber Everywhere,51.0,20.0,2016-04-16
Jacob Sartorius,Hit Or Miss,72.0,2.0,2016-08-13
Chris Lane,Fix,65.0,12.0,2016-06-18
DNCE,Toothbrush,44.0,10.0,2016-07-02
Drake Featuring The Throne,Pop Style,16.0,20.0,2016-04-23
Jason Aldean,Lights Come On,43.0,19.0,2016-04-23
Zac Brown Band,Castaway,96.0,2.0,2016-08-13
Galantis,No Money,88.0,5.0,2016-07-30
Keith Urban,Wasted Time,51.0,17.0,2016-04-23
James Bay,Let It Go,16.0,34.0,2016-01-09
Jon Pardi,Head Over Boots,51.0,24.0,2016-03-19
Panic! At The Disco,Bohemian Rhapsody,64.0,1.0,2016-08-27
"Fat Joe, Remy Ma & Jay Z Featuring French Montana & Infared",All The Way Up,27.0,20.0,2016-04-16
Fetty Wap,Wake Up,50.0,13.0,2016-05-14
Luke Bryan,"Huntin', Fishin' & Lovin' Every Day",37.0,20.0,2016-04-16
Flo Rida,My House,4.0,39.0,2015-11-28
Ariana Grande,Dangerous Woman,8.0,21.0,2016-04-02
Zara Larsson,Lush Life,75.0,3.0,2016-07-30
"DJ Khaled Featuring Big Sean, Kendrick Lamar & Betty Wright",Holy Key,84.0,1.0,2016-08-20
Ben Rector,Brand New,82.0,5.0,2016-07-23
OneRepublic,Wherever I Go,55.0,12.0,2016-06-04
Gucci Mane & Drake,Back On Road,81.0,1.0,2016-08-13
Gucci Mane Featuring Kanye West,P**** Print,89.0,1.0,2016-08-13
Ruth B,Lost Boy,24.0,22.0,2016-03-12
Zara Larsson & MNEK,Never Forget You,13.0,23.0,2016-03-05
5 Seconds Of Summer,Girls Talk Boys,68.0,1.0,2016-08-06
Demi Lovato,Body Say,84.0,1.0,2016-08-06
Meghan Trainor,No,3.0,20.0,2016-03-26
Fergie,M.I.L.F. $,34.0,3.0,2016-07-23
David Nail,Night's On Fire,81.0,5.0,2016-07-09
The Lumineers,Ophelia,66.0,12.0,2016-02-27
Dreezy Featuring Jeremih,Body,62.0,18.0,2016-04-09
Zayn,Pillowtalk,1.0,24.0,2016-02-20
G-Eazy x Bebe Rexha,"Me, Myself & I",7.0,37.0,2015-11-21
Jennifer Lopez & Lin-Manuel Miranda,Love Make The World Go Round,72.0,1.0,2016-07-30
Kenny Chesney,Noise,72.0,14.0,2016-04-16
Blake Shelton,Came Here To Forget,36.0,19.0,2016-03-26
Blink-182,Bored To Death,85.0,2.0,2016-07-23
Carlos Vives & Shakira,La Bicicleta,95.0,1.0,2016-07-30
O.T. Genasis Featuring Young Dolph,Cut It,35.0,20.0,2016-03-12
Jeremih,Oui,19.0,27.0,2016-01-23
Alessia Cara,Wild Things,50.0,20.0,2016-03-12
Disturbed,The Sound Of Silence,42.0,20.0,2016-03-12
Pitbull Featuring Enrique Iglesias,Messin' Around,64.0,8.0,2016-04-30
Drake,Still Here,40.0,10.0,2016-05-21
Drake,Hype,33.0,10.0,2016-05-21
Logic,Flexicution,100.0,1.0,2016-07-23
Kevin Gates,Really Really,46.0,26.0,2016-01-09
Chris Young Duet With Cassadee Pope,Think Of You,40.0,20.0,2016-03-05
Drake Featuring Future,Grammys,38.0,9.0,2016-05-21
Shakira,Try Everything,63.0,9.0,2016-03-26
"Kanye West, Gucci Mane, Big Sean, 2 Chainz, Travi$ Scott, Yo Gotti, Quavo, Desiigner",Champions,71.0,3.0,2016-07-02
Red Hot Chili Peppers,Dark Necessities,67.0,2.0,2016-07-09
Kevin Gates,2 Phones,17.0,25.0,2016-01-23
Tim McGraw,Humble And Kind,30.0,20.0,2016-02-13
Broadway For Orlando,What The World Needs Now Is Love,86.0,1.0,2016-07-09
Kane Brown,Ain't No Stopping Us Now,88.0,1.0,2016-07-09
Rihanna,Kiss It Better,62.0,12.0,2016-04-23
Bryson Tiller,Exchange,26.0,34.0,2015-11-14
Dierks Bentley,Somewhere On A Beach,35.0,20.0,2016-02-13
Jacob Sartorius,Sweatshirt,90.0,1.0,2016-07-02
Drake Featuring PARTYNEXTDOOR,With You,47.0,7.0,2016-05-21
Belly Featuring The Weeknd,Might Not,68.0,17.0,2016-03-12
Alan Walker,Faded,80.0,8.0,2016-04-30
DJ Snake Featuring Bipolar Sunshine,Middle,20.0,21.0,2016-02-06
Maren Morris,My Church,50.0,20.0,2016-02-13
Old Dominion,Snapback,50.0,20.0,2016-02-13
Mike WiLL Made-It x Rihanna,Nothing Is Promised,75.0,1.0,2016-06-25
Dustin Lynch,Mind Reader,57.0,16.0,2016-03-12
Beyonce,Formation,10.0,7.0,2016-05-14
Drake,Feel No Ways,53.0,6.0,2016-05-21
Yo Gotti Featuring E-40,Law,79.0,9.0,2016-04-30
Kelly Clarkson,Piece By Piece,8.0,15.0,2016-03-19
Young Greatness,Moolah,85.0,9.0,2016-04-16
Ghost Town DJ's,My Boo,27.0,36.0,2016-05-21
Jason Derulo,If It Ain't Love,67.0,8.0,2016-04-30
Drake,9,45.0,5.0,2016-05-21
Charlie Puth,One Call Away,12.0,26.0,2015-12-19
Adam Wakefield,Lonesome Broken And Blue,73.0,1.0,2016-06-11
Drake,U With Me?,44.0,4.0,2016-05-21
Drake,Fire & Desire,75.0,4.0,2016-05-21
Hannah Huston,Every Breath You Take,94.0,1.0,2016-06-11
Drake,Redemption,61.0,3.0,2016-05-21
Alisan Porter,Down That Road,100.0,1.0,2016-06-11
Shawn Mendes,Stitches,4.0,52.0,2015-06-13
The Chainsmokers Featuring Rozes,Roses,6.0,31.0,2015-11-07
Bryson Tiller,Don't,9.0,36.0,2015-01-03
Drake,Weston Road Flows,54.0,2.0,2016-05-21
Drake,Keep The Family Close,68.0,2.0,2016-05-21
Drake Featuring Pimp C & dvsn,Faithful,72.0,2.0,2016-05-21
Chance The Rapper Featuring Ty Dolla $ign,Blessings,28.0,20.0,2015-02-21
Adam Wakefield,I'm Sorry,94.0,1.0,2016-06-04
Kid Ink Featuring Fetty Wap,Promise,57.0,14.0,2016-03-05
Blake Shelton Featuring Gwen Stefani,Go Ahead And Break My Heart,70.0,1.0,2016-05-28
Jennifer Lopez,Ain't Your Mama,76.0,2.0,2016-04-30
Beyonce Featuring The Weeknd,6 Inch,18.0,3.0,2016-05-14
Rascal Flatts,I Like The Sound Of That,52.0,16.0,2016-02-13
Florida Georgia Line,Confession,53.0,20.0,2016-01-16
Iggy Azalea,Team,42.0,8.0,2016-04-09
Beyonce Featuring Jack White,Don't Hurt Yourself,28.0,2.0,2016-05-14
Beyonce,All Night,38.0,2.0,2016-05-14
Beyonce Featuring Kendrick Lamar,Freedom,35.0,2.0,2016-05-14
Beyonce,Daddy Lessons,41.0,2.0,2016-05-14
Beyonce,Pray You Catch Me,37.0,2.0,2016-05-14
Beyonce,Sandcastles,43.0,2.0,2016-05-14
Beyonce,Love Drought,47.0,2.0,2016-05-14
Drake,Views,86.0,1.0,2016-05-21
Drake,Summer Sixteen,6.0,14.0,2016-02-20
Prince And The Revolution,Purple Rain,2.0,18.0,2016-05-07
Prince,When Doves Cry,1.0,23.0,2016-05-07
Prince,Little Red Corvette,6.0,24.0,2016-05-07
Prince And The Revolution,Kiss,1.0,20.0,2016-05-07
Prince And The Revolution,Let's Go Crazy,1.0,21.0,2016-05-07
Prince,1999,12.0,30.0,2016-05-07
Prince And The Revolution,Raspberry Beret,2.0,18.0,2016-05-14
Prince And The Revolution,I Would Die 4 U,8.0,16.0,2016-05-14
Drake & Future,Jumpman,12.0,32.0,2015-10-10
Beyonce Featuring James Blake,Forward,63.0,1.0,2016-05-14
Chris Brown,Back To Sleep,20.0,20.0,2016-01-02
Cole Swindell,You Should Be Here,31.0,20.0,2016-01-02
A$AP Ferg Featuring Future,New Level,90.0,3.0,2016-04-16
Justin Bieber,Company,53.0,12.0,2015-12-05
The Weeknd,Acquainted,60.0,18.0,2015-09-19
Lee Brice,That Don't Sound Like You,64.0,11.0,2016-03-05
Selena Gomez,Hands To Myself,7.0,20.0,2015-12-26
Adele,Hello,1.0,26.0,2015-11-14
Yo Gotti Featuring Nicki Minaj,Down In The DM,13.0,21.0,2015-12-19
The Weeknd,The Hills,1.0,48.0,2015-06-13
Taylor Swift,New Romantics,46.0,8.0,2015-03-21
Brett Eldredge,Drunk On Your Love,35.0,15.0,2016-01-30
Ty Dolla $ign Featuring E-40,Saved,81.0,9.0,2016-03-12
Chase Bryant,Little Bit Of You,71.0,11.0,2016-02-27
DJ Luke Nasty,Might Be,78.0,10.0,2016-03-05
Kanye West,Pt. 2,54.0,3.0,2016-04-23
Fetty Wap,Jimmy Choo,65.0,11.0,2016-02-27
Jonas Blue Featuring Dakota,Fast Car,98.0,5.0,2016-04-02
Thomas Rhett,Die A Happy Man,21.0,30.0,2015-10-10
Chris Stapleton,Nobody To Blame,68.0,15.0,2016-01-23
Kanye West,Waves,14.0,25.0,2015-01-03
Robin Schulz Featuring Francesco Yates,Sugar,2.0,42.0,2015-01-31
Kanye West,Ultralight Beam,67.0,2.0,2016-04-23
Panic! At The Disco,Victorious,89.0,4.0,2016-02-06
Drake,Hotline Bling,2.0,36.0,2015-08-22
Adele,When We Were Young,14.0,20.0,2015-12-12
Kanye West,FML,84.0,1.0,2016-04-23
Chris Stapleton,Tennessee Whiskey,20.0,6.0,2015-11-21
Kanye West,Real Friends,92.0,1.0,2016-04-23
Zac Brown Band,Beautiful Drug,52.0,20.0,2015-11-21
Carrie Underwood,Heartbeat,42.0,14.0,2016-01-23
Kanye West,Feedback,99.0,1.0,2016-04-23
Fetty Wap Featuring Remy Boyz,679,4.0,40.0,2015-07-18
Justin Bieber,What Do You Mean?,1.0,31.0,2015-09-19
Meghan Trainor Featuring John Legend,Like I'm Gonna Lose You,8.0,39.0,2015-07-25
Post Malone,White Iverson,14.0,30.0,2015-09-26
Zayn,Like I Would,55.0,3.0,2016-04-02
Rachel Platten,Stand By You,37.0,20.0,2015-11-28
Shawn Mendes & Camila Cabello,I Know What You Did Last Summer,20.0,20.0,2015-12-05
Young Thug,With Them,87.0,1.0,2016-04-16
Luke Bryan Featuring Karen Fairchild,Home Alone Tonight,38.0,19.0,2015-12-12
Young Thug,Digits,93.0,1.0,2016-04-16
Ellie Goulding,Something In The Way You Move,43.0,10.0,2016-02-13
Gwen Stefani,Make Me Like You,54.0,5.0,2016-03-05
Ariana Grande,Be Alright,43.0,1.0,2016-04-09
Daya,Hide Away,23.0,27.0,2015-10-03
Alessia Cara,Here,5.0,34.0,2015-08-22
Selena Gomez,Same Old Love,5.0,28.0,2015-10-03
Elle King,Ex's & Oh's,10.0,38.0,2015-07-25
The Weeknd,In The Night,12.0,20.0,2015-09-19
Coldplay,Adventure Of A Lifetime,13.0,20.0,2015-11-28
Granger Smith,Backroad Song,49.0,16.0,2015-12-26
The Weeknd,Can't Feel My Face,1.0,41.0,2015-06-27
Randy Houser,We Went,60.0,13.0,2015-11-21
Keith Urban,Break On Me.,54.0,12.0,2016-01-16
Kendrick Lamar,Untitled 02 l 06.23.2014.,79.0,1.0,2016-03-26
Kendrick Lamar,Untitled 07 l Levitate,90.0,1.0,2016-03-26
2 Chainz,Watch Out,64.0,11.0,2016-01-16
Jason Derulo,Get Ugly,52.0,12.0,2016-01-09
2 Chainz Featuring Lil Wayne,Gotta Lotta,100.0,1.0,2016-03-26
Travis Scott,Antidote,16.0,26.0,2015-09-26
Major Lazer & DJ Snake Featuring MO,Lean On,4.0,48.0,2015-04-25
Wiz Khalifa Featuring Charlie Puth,See You Again,1.0,52.0,2015-03-28
Zayn,It's You,59.0,1.0,2016-03-19
Flo Rida Featuring Jason Derulo,Hello Friday,79.0,1.0,2016-03-19
Lil Dicky Featuring Fetty Wap & Rich Homie Quan,$ave Dat Money,71.0,19.0,2015-10-10
Lady Gaga,Til It Happens To You,95.0,1.0,2016-03-19
Empire Of The Sun,Walking On A Dream,65.0,5.0,2016-02-06
One Direction,History,65.0,6.0,2015-11-28
Taylor Swift,Wildest Dreams,5.0,27.0,2015-09-19
Kelsea Ballerini,Dibs,58.0,17.0,2015-11-14
Taylor Swift,Out Of The Woods,18.0,10.0,2016-01-23
Tori Kelly,Hollow,68.0,11.0,2016-01-02
Migos,Look At My Dab,87.0,1.0,2016-03-12
LOCASH,I Love This Life,56.0,18.0,2015-11-14
Mark Ronson Featuring Bruno Mars,Uptown Funk!,1.0,56.0,2015-01-03
Sam Hunt,Break Up In A Small Town,29.0,20.0,2015-10-24
Ellie Goulding,On My Mind,13.0,22.0,2015-10-10
Demi Lovato,Confident,21.0,20.0,2015-10-10
Brothers Osborne,Stay A Little Longer,46.0,20.0,2015-10-24
Adele,All I Ask,77.0,1.0,2016-03-05
Andy Grammer,Good To Be Alive (Hallelujah),62.0,10.0,2016-01-02
David Guetta Featuring Sia & Fetty Wap,Bang My Head,76.0,6.0,2016-01-30
Fall Out Boy,Irresistible,48.0,14.0,2015-01-24
DLOW,Do It Like Me,45.0,15.0,2015-11-28
Dawin,Dessert,68.0,11.0,2015-12-26
Silento,Watch Me,3.0,51.0,2015-03-14
Future,Fly S**t Only,67.0,1.0,2016-02-27
Wiz Khalifa Featuring Travi$ Scott,Bake Sale,56.0,2.0,2016-02-13
Missy Elliott Featuring Pharrell Williams,WTF (Where They From),22.0,14.0,2015-11-28
Chase Rice,Whisper,94.0,1.0,2016-02-27
Nelly Featuring Jeremih,The Fix,62.0,20.0,2015-09-05
J. Cole,No Role Modelz,36.0,25.0,2015-09-12
Fetty Wap,Again,33.0,26.0,2015-08-29
Drake & Future,Big Rings,52.0,20.0,2015-10-10
Brad Paisley,Country Nation,94.0,2.0,2016-02-13
DeJ Loaf Featuring Big Sean,Back Up,47.0,18.0,2015-10-24
"Kevin Gates Featuring Trey Songz, Ty Dolla $ign & Jamie Foxx",Jam,97.0,1.0,2016-02-20
Sia,Alive,56.0,3.0,2015-10-17
Big Sean Featuring Chris Brown & Ty Dolla $ign,Play No Games,84.0,14.0,2015-07-18
Jana Kramer,I Got The Boy,56.0,16.0,2015-10-31
Eric Church,Mr. Misunderstood,84.0,5.0,2016-01-16
Jason Aldean,Gonna Know We Were Here,54.0,16.0,2015-11-07
Panic! At The Disco,Emperor's New Clothes,68.0,4.0,2015-11-14
Curren$Y Featuring August Alsina & Lil Wayne,Bottom Of The Bottle,97.0,1.0,2016-02-13
R. City Featuring Adam Levine,Locked Away,6.0,27.0,2015-08-08
Justin Bieber,I'll Show You,19.0,12.0,2015-11-21
Halsey,New Americana,60.0,17.0,2015-09-19
Panic! At The Disco,Death Of A Bachelor,92.0,1.0,2016-02-06
Rudimental Featuring Ed Sheeran,Lay It All On Me,48.0,16.0,2015-10-17
Drake,Right Hand,58.0,19.0,2015-10-03
Rae Sremmurd,Come Get Her,56.0,19.0,2015-10-03
iLoveMemphis,Lean & Dabb,98.0,1.0,2016-02-06
J Balvin,Ginza,84.0,15.0,2015-09-26
Fetty Wap,Trap Queen,2.0,52.0,2015-02-07
David Bowie,Lazarus,40.0,1.0,2016-01-30
David Bowie,Space Oddity,15.0,15.0,2016-01-30
Queen & David Bowie,Under Pressure,29.0,16.0,2016-01-30
David Bowie,Blackstar,78.0,1.0,2016-01-30
Gwen Stefani,Used To Love You,52.0,9.0,2015-11-14
Blake Shelton,Gonna,54.0,18.0,2015-10-03
Fetty Wap,RGF Island,57.0,14.0,2015-10-10
Ty Dolla $ign Featuring Future & Rae Sremmurd,Blase,63.0,18.0,2015-10-03
Future Featuring Drake,Where Ya At,28.0,25.0,2015-08-08
Skrillex & Diplo With Justin Bieber,Where Are U Now,8.0,45.0,2015-03-21
"Macklemore & Ryan Lewis Featuring Eric Nally, Melle Mel, Kool Moe Dee & Grandmaster Caz",Downtown,12.0,20.0,2015-09-12
Tim McGraw,Top Of The World,73.0,13.0,2015-10-31
Carrie Underwood,Smoke Break,43.0,19.0,2015-09-12
iLoveMemphis,Hit The Quan,15.0,20.0,2015-09-05
Cam,Burning House,29.0,25.0,2015-08-01
Justin Bieber,Purpose,43.0,7.0,2015-12-05
Chris Brown,Liquor,60.0,17.0,2015-09-12
Future,Stick Talk,91.0,2.0,2016-01-09
Justin Bieber Featuring Halsey,The Feeling,31.0,7.0,2015-12-05
Chris Brown,Zero,80.0,2.0,2016-01-09
Fetty Wap Featuring Monty,Jugg,86.0,6.0,2015-10-17
Chris Brown,Little More (Royalty),91.0,1.0,2016-01-09
Jordan Smith,Mary Did You Know,24.0,1.0,2016-01-02
Selena Gomez Featuring A$AP Rocky,Good For You,5.0,26.0,2015-07-11
OMI,Cheerleader,1.0,35.0,2015-05-09
One Direction,Drag Me Down,3.0,20.0,2015-08-22
Jordan Smith,Climb Every Mountain,72.0,1.0,2016-01-02
Drake,Back To Back,21.0,20.0,2015-08-22
Dan + Shay,Nothin' Like You,51.0,19.0,2015-08-29
Luke Bryan,Strip It Down,30.0,20.0,2015-08-08
Jordan Smith & Adam Levine,God Only Knows,90.0,1.0,2016-01-02
Jordan Smith,Somebody To Love,21.0,2.0,2015-12-26
X Ambassadors,Renegades,17.0,35.0,2015-05-02
Justin Bieber,Mark My Words,42.0,4.0,2015-12-05
Parmalee,Already Callin' You Mine,91.0,3.0,2015-11-21
G-Eazy,Random,94.0,1.0,2015-12-26
Justin Bieber Featuring Big Sean,No Pressure,49.0,4.0,2015-12-05
G-Eazy Featuring Chris Brown & Tory Lanez,Drifting,98.0,1.0,2015-12-26
Chris Young,I'm Comin' Over,33.0,23.0,2015-05-30
Calvin Harris & Disciples,How Deep Is Your Love,27.0,20.0,2015-08-08
Justin Bieber Featuring Travi$ Scott,No Sense,54.0,3.0,2015-12-05
Barrett Baber,I'd Just Love To Lay You Down,92.0,1.0,2015-12-19
PSY Featuring CL,Daddy,97.0,1.0,2015-12-19
Madi Davis,Girls Just Want To Have Fun,98.0,1.0,2015-12-19
Cole Swindell,Let Me See Ya Girl,59.0,18.0,2015-08-22
Adele,Remedy,87.0,1.0,2015-12-12
Justin Bieber,Life Is Worth Living,67.0,2.0,2015-12-05
Hailee Steinfeld,Love Myself,30.0,16.0,2015-08-29
Future,Rich $ex,100.0,1.0,2015-12-12
Jordan Smith,Great Is Thy Faithfulness,30.0,1.0,2015-12-05
Old Dominion,Break Up With Him,44.0,20.0,2015-07-25
Justin Bieber,Children,74.0,1.0,2015-12-05
Justin Bieber,Been You,81.0,1.0,2015-12-05
One Direction,If I Could Fly,83.0,1.0,2015-12-05
One Direction,Olivia,87.0,1.0,2015-12-05
Justin Bieber Featuring Nas,We Are,88.0,1.0,2015-12-05
Justin Bieber,Get Used To It,90.0,1.0,2015-12-05
One Direction,A.M.,94.0,1.0,2015-12-05
One Direction,Temporary Fix,96.0,1.0,2015-12-05
Justin Bieber,Trust,98.0,1.0,2015-12-05
WALK THE MOON,Shut Up And Dance,4.0,53.0,2015-01-03
Ed Sheeran,Thinking Out Loud,2.0,58.0,2015-01-03
Rachel Platten,Fight Song,6.0,31.0,2015-05-02
Sam Smith,Writing's On The Wall,71.0,2.0,2015-10-17
Florida Georgia Line,Anything Goes,55.0,18.0,2015-08-08
Demi Lovato,Cool For The Summer,11.0,20.0,2015-07-18
K Camp,Comfortable,54.0,15.0,2015-08-22
Kenny Chesney,Save It For A Rainy Day,54.0,17.0,2015-08-08
Drake & Future,Diamonds Dancing,53.0,8.0,2015-10-10
Chris Stapleton,Traveller,87.0,1.0,2015-11-28
Jordan Smith,Halo,88.0,1.0,2015-11-28
Jess Glynne,Hold My Hand,86.0,6.0,2015-10-03
Nick Jonas,Levels,44.0,12.0,2015-09-12
Michael Jackson,Thriller,4.0,17.0,2015-11-21
Jason Derulo,Want To Want Me,5.0,35.0,2015-03-28
Meek Mill Featuring Chris Brown & Nicki Minaj,All Eyes On You,21.0,20.0,2015-07-11
Drake & Future,Scholarships,69.0,7.0,2015-10-10
Drake & Future,Digital Dash,62.0,7.0,2015-10-10
Charlie Puth Featuring Meghan Trainor,Marvin Gaye,21.0,20.0,2015-07-04
Kane Brown,Used To Love You Sober,82.0,1.0,2015-11-14
Chase Rice,Gonna Wanna Tonight,67.0,12.0,2015-08-29
Lil Wayne & Charlie Puth,Nothing But Trouble (Instagram Models),86.0,7.0,2015-10-03
Major Lazer Featuring Ellie Goulding & Tarrus Riley,Powerful,83.0,6.0,2015-10-10
The Game Featuring Drake,100,82.0,10.0,2015-08-22
Rich Homie Quan,Flex (Ooh Ooh Ooh),26.0,27.0,2015-05-09
Fifth Harmony Featuring Kid Ink,Worth It,12.0,36.0,2015-02-07
Brett Eldredge,Lose My Mind,48.0,20.0,2015-06-27
Rae Sremmurd,This Could Be Us,49.0,20.0,2015-06-27
Keith Urban,"John Cougar, John Deere, John 3:16",40.0,20.0,2015-06-27
Drake & Future,Live From The Gutter,74.0,5.0,2015-10-10
Drake & Future,I'm The Plug,76.0,5.0,2015-10-10
Pentatonix,Can't Sleep Love,99.0,1.0,2015-11-07
The Weeknd,Earned It (Fifty Shades Of Grey),3.0,43.0,2015-01-10
Taylor Swift Featuring Kendrick Lamar,Bad Blood,1.0,25.0,2015-01-10
Nicky Jam & Enrique Iglesias,El Perdon (Forgiveness),56.0,30.0,2015-04-11
Sam Hunt,House Party,26.0,20.0,2015-06-20
Maddie & Tae,Fly,61.0,14.0,2015-08-01
Drake & Future,Change Locations,82.0,3.0,2015-10-17
The 1975,Love Me,100.0,1.0,2015-10-31
Fall Out Boy,Uma Thurman,22.0,27.0,2015-01-31
Jeremih Featuring J. Cole,Planez,44.0,20.0,2015-06-13
Chris Janson,Buy Me A Boat,41.0,20.0,2015-06-13
Drake & Future,Plastic Bag,78.0,2.0,2015-10-17
Future,Jersey,87.0,2.0,2015-10-17
Andrew McMahon In The Wilderness,Cecilia And The Satellite,96.0,3.0,2015-09-12
A Great Big World Featuring FUTURISTIC,Hold Each Other,99.0,2.0,2015-10-10
One Direction,Infinity,54.0,2.0,2015-05-16
Little Mix,Black Magic,67.0,8.0,2015-08-29
Drake,30 For 30 Freestyle,88.0,2.0,2015-10-10
Luke Bryan,Kick The Dust Up,26.0,20.0,2015-06-06
Jidenna Featuring Roman GianArthur,Classic Man,22.0,21.0,2015-05-23
Andy Grammer,"Honey, I'm Good.",9.0,31.0,2015-02-28
Thomas Rhett,Crash And Burn,36.0,20.0,2015-04-25
Naughty Boy Featuring Beyonce & Arrow Benjamin,Runnin' (Lose It All),90.0,1.0,2015-10-10
Flo Rida Featuring Robin Thicke & Verdine White,"I Don't Like It, I Love It",43.0,14.0,2015-07-11
Kendrick Lamar,Alright,81.0,14.0,2015-04-04
Meek Mill Featuring Drake,R.I.C.O.,40.0,13.0,2015-07-18
Omarion Featuring Chris Brown & Jhene Aiko,Post To Be,13.0,37.0,2015-01-24
The Weeknd,Tell Your Friends,54.0,3.0,2015-09-19
Dustin Lynch,Hell Of A Night,55.0,16.0,2015-06-20
5 Seconds Of Summer,She's Kinda Hot,22.0,9.0,2015-08-08
Trey Songz,About You,83.0,3.0,2015-09-12
Jake Owen,Real Life,62.0,13.0,2015-07-11
Tori Kelly,Should've Been Us,51.0,10.0,2015-08-01
Kygo Featuring Conrad,Firestone,92.0,1.0,2015-10-03
Zac Brown Band,Loving You Easy,40.0,17.0,2015-06-13
The Weeknd Featuring Lana Del Rey,Prisoner,47.0,3.0,2015-09-19
The Weeknd Featuring Ed Sheeran,Dark Times,91.0,3.0,2015-09-19
Zedd Featuring Jon Bellion,Beautiful Now,64.0,14.0,2015-06-06
"Dove Cameron, Cameron Boyce, Booboo Stewart & Sofia Carson",Rotten To The Core,38.0,6.0,2015-08-22
Wiz Khalifa Featuring Rae Sremmurd,Burn Slow,83.0,1.0,2015-09-26
Pia Mia Featuring Chris Brown & Tyga,Do It Again,71.0,11.0,2015-07-18
Big Sean Featuring Kanye West & John Legend,One Man Can Change The World,82.0,10.0,2015-03-14
Jason Derulo,Cheyenne,66.0,7.0,2015-08-15
Disclosure Featuring Sam Smith,Omen,64.0,6.0,2015-08-22
The Weeknd,Shameless,79.0,2.0,2015-09-19
Nicki Minaj,The Night Is Still Young,31.0,17.0,2015-05-23
"David Guetta Featuring Nicki Minaj, Bebe Rexha & Afrojack",Hey Mama,8.0,24.0,2015-04-11
Imagine Dragons,Roots,77.0,1.0,2015-09-19
The Weeknd Featuring Labrinth,Losers,85.0,1.0,2015-09-19
Frankie Ballard,Young & Crazy,55.0,15.0,2015-06-13
5 Seconds Of Summer,Jet Black Heart,95.0,1.0,2015-09-19
Rihanna,B**** Better Have My Money,15.0,23.0,2015-04-11
Ellie Goulding,Love Me Like You Do,3.0,34.0,2015-01-24
T-Wayne,Nasty Freestyle,9.0,20.0,2015-05-02
N.W.A,Straight Outta Compton,38.0,2.0,2015-09-05
Eazy-E,Boyz-N-The Hood,50.0,2.0,2015-09-05
Kid Ink Featuring DeJ Loaf,Be Real,43.0,20.0,2015-05-02
Blake Shelton,Sangria,38.0,20.0,2015-05-02
Michael Ray,Kiss You In The Morning,55.0,14.0,2015-06-13
Brantley Gilbert,One Hell Of An Amen,44.0,18.0,2015-05-16
Lana Del Rey,High By The Beach,51.0,3.0,2015-08-29
Kip Moore,I'm To Blame,100.0,1.0,2015-09-12
Tove Lo,Talking Body,12.0,30.0,2015-02-14
Eric Church,Like A Wrecking Ball,51.0,22.0,2015-04-11
J. Cole,Wet Dreamz,61.0,20.0,2015-01-03
Jason Aldean,Tonight Looks Good On You,46.0,18.0,2015-05-16
Pitbull Featuring Chris Brown,Fun,40.0,15.0,2015-05-30
"DJ Khaled Featuring Chris Brown, Lil Wayne & Big Sean",How Many Times,68.0,15.0,2015-05-30
5 Seconds Of Summer,Fly Away,100.0,1.0,2015-09-05
DJ Snake & AlunaGeorge,You Know You Like It,13.0,21.0,2015-04-11
Dove Cameron,If Only,94.0,2.0,2015-08-22
Future,Commas,55.0,20.0,2015-04-18
Mac Miller,100 Grandkids,100.0,1.0,2015-08-29
Sam Hunt,Take Your Time,20.0,32.0,2015-01-17
Trey Songz,Slow Motion,26.0,26.0,2015-02-07
Drake,Charged Up,78.0,1.0,2015-08-22
Canaan Smith,Love You Like That,46.0,20.0,2015-04-11
Maroon 5,This Summer's Gonna Hurt...,23.0,13.0,2015-05-30
Brad Paisley,Crushin' It,66.0,15.0,2015-05-16
Wale Featuring Usher,The Matrimony,70.0,19.0,2015-04-18
Sage The Gemini Featuring Nick Jonas,Good Thing,75.0,8.0,2015-07-04
Little Big Town,Girl Crush,18.0,24.0,2015-02-21
Sia,Elastic Heart,17.0,30.0,2015-01-24
Taylor Swift,Shake It Off,1.0,50.0,2015-01-03
Janet Featuring J. Cole,No Sleeep,63.0,2.0,2015-07-11
Bea Miller,Fire N Gold,78.0,1.0,2015-08-15
Kelsea Ballerini,Love Me Like You Mean It,45.0,18.0,2015-04-18
Echosmith,Bright,40.0,20.0,2015-03-28
Eminem Featuring Gwen Stefani,Kings Never Die,80.0,2.0,2015-08-01
Janelle Monae & Jidenna,Yoga,79.0,6.0,2015-07-11
Prince Royce Featuring Jennifer Lopez & Pitbull,Back It Up,92.0,2.0,2015-06-27
Sam Smith,Like I Can,99.0,2.0,2015-07-11
Easton Corbin,Baby Be My Love Song,56.0,16.0,2015-04-25
Florida Georgia Line,Sippin' On Fire,40.0,20.0,2015-04-04
Future,Blow A Bag,95.0,1.0,2015-08-08
twenty one pilots,Tear In My Heart,82.0,8.0,2015-04-25
Ciara,Dance Like We're Making Love,100.0,1.0,2015-08-08
Natalie La Rose Featuring Jeremih,Somebody,10.0,26.0,2015-02-07
Taylor Swift,Style,6.0,32.0,2015-01-10
Billy Currington,Don't It,44.0,20.0,2015-03-21
Carrie Underwood,Little Toy Guns,47.0,18.0,2015-03-28
Carly Rae Jepsen,I Really Like You,39.0,20.0,2015-03-21
Meek Mill,Lord Knows,88.0,2.0,2015-07-25
Meek Mill Featuring Future,Jump Out The Face,91.0,2.0,2015-07-25
Tech N9Ne Featuring 2 Chainz & B.o.B,Hood Go Crazy,90.0,7.0,2015-06-20
Flo Rida Featuring Sage The Gemini & Lookas,G.D.F.R.,8.0,35.0,2015-01-03
Steven Tyler,Love Is Your Name,75.0,1.0,2015-07-25
Meek Mill Featuring Nicki Minaj,Bad For You,78.0,2.0,2015-07-18
Tim McGraw With Catherine Dunn,Diamond Rings And Old Barstools,55.0,17.0,2015-03-28
A Thousand Horses,Smoke,47.0,20.0,2015-03-14
NEEDTOBREATHE Featuring Gavin DeGraw,Brother,98.0,2.0,2015-07-18
George Ezra,Budapest,32.0,23.0,2015-02-14
Taylor Swift,Blank Space,1.0,36.0,2015-01-03
Miguel,Coffee,78.0,3.0,2015-05-23
Drake,Know Yourself,53.0,20.0,2015-03-07
Jessie J,Flashlight,61.0,7.0,2015-06-06
Meghan Trainor,Dear Future Husband,14.0,24.0,2015-01-10
Ariana Grande,One Last Time,13.0,20.0,2015-02-28
Drake,Energy,26.0,20.0,2015-02-28
Kenny Chesney With Grace Potter,Wild Child,56.0,15.0,2015-03-28
"Shaggy Featuring Mohombi, Faydee, Costi",I Need Your Love,66.0,8.0,2015-05-23
Madonna Featuring Nicki Minaj,B**** I'm Madonna,84.0,2.0,2015-07-04
Britney Spears & Iggy Azalea,Pretty Girls,29.0,8.0,2015-05-23
Young Thug,Check,100.0,1.0,2015-07-11
Sam Smith,Lay Me Down,8.0,20.0,2015-02-21
Hilary Duff,Sparks,93.0,1.0,2015-07-04
Kevin Gates Featuring August Alsina,I Don't Get Tired (#IDGT),90.0,9.0,2015-05-09
Chedda Da Connect,Flicka Da Wrist,94.0,4.0,2015-05-16
Bandit Gang Marco Featuring Dro,Nasty,41.0,9.0,2015-05-09
Pitbull & Ne-Yo,Time Of Our Lives,9.0,27.0,2015-01-03
Nick Jonas,Chains,13.0,20.0,2015-02-14
Travi$ Scott Featuring Future & 2 Chainz,3500,82.0,1.0,2015-06-27
"Kanye West Featuring Theophilus London, Allan Kingdom & Paul McCartney",All Day,15.0,15.0,2015-03-21
Zedd Featuring Selena Gomez,I Want You To Know,17.0,16.0,2015-03-14
A$AP Rocky,L$D,62.0,3.0,2015-06-13
Eminem,Phenomenal,47.0,1.0,2015-06-20
How I Became The Bomb,"Ulay, Oh",58.0,1.0,2015-06-20
Nicki Minaj Featuring Drake & Lil Wayne,Truffle Butter,14.0,20.0,2015-02-07
Rihanna & Kanye West & Paul McCartney,FourFiveSeconds,4.0,20.0,2015-02-07
A$AP Rocky Featuring ScHoolboy Q,Electric Body,80.0,2.0,2015-06-13
Jamie Foxx Featuring Chris Brown,You Changed Me,93.0,2.0,2015-06-13
Meghan Trainor,All About That Bass,1.0,47.0,2015-01-03
Zac Brown Band,Homegrown,35.0,20.0,2015-01-31
Kelly Clarkson,Heartbeat Song,21.0,20.0,2015-01-31
Ciara,I Bet,43.0,14.0,2015-02-14
Kendrick Lamar,King Kunta,58.0,11.0,2015-04-04
Keith Urban Featuring Eric Church,Raise 'Em Up,56.0,14.0,2015-03-14
Sawyer Fredericks,Please,37.0,1.0,2015-06-06
Nicki Minaj Featuring Beyonce,Feeling Myself,39.0,20.0,2015-01-03
Hozier,Take Me To Church,2.0,41.0,2015-01-03
Chris Brown & Tyga,Ayo,21.0,20.0,2015-01-24
Sawyer Fredericks,Old Man,63.0,1.0,2015-06-06
Meghan Linsey,Change My Mind,92.0,1.0,2015-06-06
Eric Paslay,She Don't Love You,77.0,12.0,2015-03-21
Luke Bryan,Games,92.0,5.0,2015-03-28
Rae Sremmurd Featuring Nicki Minaj & Young Thug,Throw Sum Mo,30.0,20.0,2015-01-17
Sam Smith,I'm Not The Only One,5.0,37.0,2015-01-03
Tyler Farr,A Guy Walks Into A Bar,51.0,20.0,2015-01-17
Sheppard,Geronimo,53.0,21.0,2015-01-17
Dierks Bentley,Say You Do,52.0,18.0,2015-01-31
Nate Ruess,Nothing Without Love,77.0,4.0,2015-05-09
Nick Fradiani,Beautiful Life,93.0,1.0,2015-05-30
Sawyer Fredericks,A Thousand Years,94.0,1.0,2015-05-30
Meghan Trainor,Lips Are Movin,4.0,29.0,2015-01-03
Cole Swindell,Ain't Worth The Whiskey,43.0,19.0,2015-01-17
Tori Kelly,Nobody Love,60.0,11.0,2015-03-14
Rihanna,American Oxygen,78.0,4.0,2015-05-02
Sawyer Fredericks,Shine On,99.0,1.0,2015-05-23
Drake,10 Bands,58.0,13.0,2015-02-28
Fall Out Boy,Centuries,10.0,34.0,2015-01-03
Sawyer Fredericks,Simple Man,71.0,1.0,2015-05-16
Drake,Legend,52.0,12.0,2015-02-28
Usher Featuring Juicy J,I Don't Mind,11.0,23.0,2015-01-03
Vance Joy,Riptide,30.0,44.0,2015-01-03
Lee Brice,Drinking Class,53.0,22.0,2015-01-03
Calvin Harris Featuring Ellie Goulding,Outside,29.0,20.0,2015-01-17
Miranda Lambert,Little Red Wagon,55.0,11.0,2015-02-28
Koryn Hawthorne,Make It Rain,84.0,1.0,2015-05-09
"Kid Ink, Tyga, Wale, YG & Rich Homie Quan",Ride Out,70.0,3.0,2015-04-25
Iggy Azalea Featuring Jennifer Hudson,Trouble,67.0,5.0,2015-04-11
Sawyer Fredericks,Iris,100.0,1.0,2015-05-09
"Nicki Minaj Featuring Drake, Lil Wayne & Chris Brown",Only,12.0,25.0,2015-01-03
Nick Jonas,Jealous,7.0,32.0,2015-01-03
Sam Smith,Stay With Me,2.0,54.0,2015-01-03
Chris Young,Lonely Eyes,50.0,18.0,2015-01-03
LunchMoney Lewis,Bills,79.0,6.0,2015-03-28
Lillywood & Robin Schulz,Prayer In C,23.0,20.0,2015-01-03
Sawyer Fredericks,Imagine,98.0,1.0,2015-05-02
Kimberly Nichole,House Of The Rising Sun,100.0,1.0,2015-05-02
Big Sean Featuring E-40,I Don't F**k With You,11.0,29.0,2015-01-03
Beyonce,7/11,13.0,20.0,2015-01-03
Darius Rucker,Homegrown Honey,53.0,20.0,2015-01-03
Wiz Khalifa & Iggy Azalea,Go Hard Or Go Home,86.0,2.0,2015-03-07
Fall Out Boy,Immortals,72.0,8.0,2015-02-07
Ludacris Featuring Miguel,Good Lovin,91.0,2.0,2015-04-18
Who Is Fancy,Goodbye,98.0,1.0,2015-04-25
Maroon 5,Animals,3.0,33.0,2015-01-03
One Direction,Night Changes,31.0,20.0,2015-01-03
Ne-Yo Featuring Juicy J,She Knows,19.0,20.0,2015-01-03
Imagine Dragons,I Bet My Life,28.0,22.0,2015-01-03
O.T. Genasis,CoCo,20.0,20.0,2015-01-03
J. Cole,Apparently,58.0,16.0,2015-01-03
Luke Bryan,I See You,41.0,19.0,2015-01-03
Breaking Benjamin,Failure,80.0,1.0,2015-04-11
Blake Shelton Featuring Ashley Monroe,Lonely Tonight,47.0,17.0,2015-01-03
Action Bronson Featuring Chance The Rapper,Baby Blue,91.0,1.0,2015-04-11
Jason Aldean,Just Gettin' Started,54.0,18.0,2015-01-03
Thomas Rhett,Make Me Wanna,43.0,20.0,2015-01-03
Sia,Chandelier,8.0,46.0,2015-01-03
Rae Sremmurd,No Type,16.0,26.0,2015-01-03
Kendrick Lamar,The Blacker The Berry,66.0,1.0,2015-04-04
Brett Eldredge,Mean To Me,53.0,20.0,2015-01-03
twenty one pilots,Fairly Local,84.0,1.0,2015-04-04
Selena Gomez,The Heart Wants What It Wants,6.0,20.0,2015-01-03
Empire Cast Featuring Jussie Smollett & Yazz,You're So Beautiful,47.0,4.0,2015-03-14
Kendrick Lamar Featuring George Clinton & Thundercat,Wesley's Theory,91.0,1.0,2015-04-04
OneRepublic,I Lived,32.0,17.0,2015-01-03
"Kendrick Lamar Featuring Bilal, Anna Wise & Thundercat",These Walls,94.0,1.0,2015-04-04
"Kendrick Lamar Featuring Bilal, Anna Wise & Snoop Dogg",Institutionalized,99.0,1.0,2015-04-04
James Newton Howard Featuring Jennifer Lawrence,The Hanging Tree,12.0,17.0,2015-01-03
Ella Henderson,Ghost,21.0,20.0,2015-01-03
Jessie J,Masterpiece,65.0,3.0,2015-01-03
Empire Cast Featuring Estelle & Jussie Smollett,Conqueror,42.0,2.0,2015-03-21
Jake Owen,What We Ain't Got,89.0,11.0,2015-01-17
Ariana Grande & The Weeknd,Love Me Harder,7.0,22.0,2015-01-03
Florida Georgia Line,Sun Daze,44.0,20.0,2015-01-03
Randy Houser,Like A Cowboy,62.0,14.0,2015-01-03
Eric Church,Talladega,43.0,20.0,2015-01-03
Cashmere Cat Featuring Ariana Grande,Adore,93.0,1.0,2015-03-21
Meek Mill,Monster,96.0,1.0,2015-03-21
Fifth Harmony,Sledgehammer,40.0,15.0,2015-01-03
B.o.B Featuring Trey Songz,Not For Long,80.0,9.0,2015-01-24
Common & John Legend,Glory,49.0,3.0,2015-01-31
"Jessie J, Ariana Grande & Nicki Minaj",Bang Bang,3.0,31.0,2015-01-03
Kid Rock,First Kiss,66.0,1.0,2015-03-14
The Weeknd,Often,59.0,20.0,2015-01-03
Big Sean Featuring Kanye West,All Your Fault,80.0,1.0,2015-03-14
Taylor Swift,You Are In Love,83.0,1.0,2015-03-14
Prince Royce Featuring Snoop Dogg,Stuck On A Feeling,43.0,10.0,2015-01-10
Kanye West Featuring Paul McCartney,Only One,35.0,8.0,2015-01-17
Big Sean,Paradise,99.0,1.0,2015-03-14
Drake,No Tellin',81.0,2.0,2015-03-07
I LOVE MAKONNEN Featuring Drake,Tuesday,12.0,22.0,2015-01-03
Tove Lo,Habits (Stay High),3.0,39.0,2015-01-03
Taylor Swift,Wonderland,51.0,1.0,2015-03-07
Drake,6 God,83.0,1.0,2015-03-07
Drake Featuring Lil Wayne,Used To,84.0,2.0,2015-02-28
Chase Bryant,Take It On Back,82.0,8.0,2015-01-17
Florence + The Machine,What Kind Of Man,88.0,2.0,2015-02-28
Imagine Dragons,Shots,75.0,3.0,2015-02-14
Wale Featuring Jeremih,The Body,87.0,6.0,2015-01-31
Drake,Now & Forever,95.0,1.0,2015-03-07
Drake,6 Man,97.0,1.0,2015-03-07
Alesso Featuring Tove Lo,Heroes (We Could Be),31.0,20.0,2015-01-03
Carrie Underwood,Something In The Water,24.0,20.0,2015-01-03
Tim McGraw,Shotgun Rider,38.0,20.0,2015-01-03
The Weeknd,Where You Belong,95.0,1.0,2015-02-28
Annie Lennox,I Put A Spell On You,97.0,1.0,2015-02-28
Empire Cast Featuring Jussie Smollett,Keep Your Money,99.0,1.0,2015-02-28
"Missy ""Misdemeanor"" Elliott",Work It,2.0,26.0,2015-02-21
"Missy ""Misdemeanor"" Elliott",Get Ur Freak On,7.0,25.0,2015-02-21
Kid Ink Featuring Usher & Tinashe,Body Language,72.0,18.0,2015-01-03
Iggy Azalea Featuring M0,Beg For It,27.0,16.0,2015-01-03
Fergie,L.A.LOVE (la la),27.0,18.0,2015-01-03
Shawn Mendes,A Little Too Much,94.0,1.0,2015-02-21
RaeLynn,God Made Girls,61.0,16.0,2015-01-03
Kid Ink Featuring Chris Brown,Hotel,96.0,1.0,2015-02-21
Beyonce Featuring Nicki Minaj Or Chimamanda Ngozi Adichie,***Flawless,41.0,20.0,2015-01-03
A-Trak + Milo & Otis Featuring Rich Kidz,Out The Speakers,98.0,1.0,2015-02-21
G-Eazy Featuring Remo,I Mean It,98.0,4.0,2015-01-17
MAGIC!,Rude,1.0,41.0,2015-01-03
Hoodie Allen Featuring Ed Sheeran,All About It,71.0,4.0,2015-01-24
Kenny Chesney,Til It's Gone,60.0,14.0,2015-01-03
David Guetta Featuring Sam Martin,Dangerous,56.0,15.0,2015-01-03
Becky G,Can't Stop Dancin',88.0,3.0,2015-01-10
Brad Paisley,Perfect Storm,52.0,17.0,2015-01-03
One Direction,Steal My Girl,13.0,18.0,2015-01-03
Jeremih Featuring YG,Don't Tell 'Em,6.0,31.0,2015-01-03
Iggy Azalea Featuring Rita Ora,Black Widow,3.0,30.0,2015-01-03
Calvin Harris Featuring John Newman,Blame,19.0,20.0,2015-01-03
Bobby Shmurda,Hot Boy,6.0,25.0,2015-01-03
Trey Songz Featuring Nicki Minaj,"Touchin, Lovin",43.0,20.0,2015-01-03
"DJ Khaled Featuring Chris Brown, August Alsina, Future & Jeremih",Hold You Down,39.0,20.0,2015-01-03
August Alsina,No Love,69.0,18.0,2015-01-03
Milky Chance,Stolen Dance,39.0,25.0,2015-01-03
Clean Bandit Featuring Jess Glynne,Rather Be,10.0,31.0,2015-01-03
Keith Urban,Somewhere In My Car,49.0,20.0,2015-01-03
Parmalee,Close Your Eyes,69.0,16.0,2015-01-03
Sophia Grace,Best Friends,87.0,1.0,2015-01-24
Blake Shelton,Neon Light,43.0,20.0,2015-01-10
Jason Derulo,Trumpets,14.0,32.0,2015-01-03
Nicki Minaj,Anaconda,2.0,22.0,2015-01-03
Rich Gang Featuring Young Thug & Rich Homie Quan,Lifestyle,16.0,25.0,2015-01-03
Colbie Caillat,Try,55.0,20.0,2015-01-03
Shawn Mendes,Something Big,80.0,3.0,2015-01-10
Nico & Vinz,In Your Arms,72.0,12.0,2015-01-03
Nicki Minaj Featuring Skylar Grey,Bed Of Lies,62.0,6.0,2015-01-03
Lorde,Yellow Flicker Beat,34.0,9.0,2015-01-03
Ariana Grande,Santa Tell Me,42.0,5.0,2015-01-03
Jessie J Featuring 2 Chainz,Burnin' Up,86.0,6.0,2015-01-10
Charli XCX,Break The Rules,91.0,3.0,2015-01-03
French Montana Featuring Jeremih,Bad B*tch,95.0,1.0,2015-01-10
"Juicy J, Wiz Khalifa & Ty Dolla $ign Featuring Kill The Noise & Madsonik",Shell Shocked,84.0,3.0,2015-01-10
Meghan Trainor,Title,100.0,1.0,2015-01-10
Matt McAndrew,Wasted Love,14.0,1.0,2015-01-03
Craig Wayne Boyd,My Baby's Got A Smile On Her Face,34.0,1.0,2015-01-03
Chris Jamison,Velvet,53.0,1.0,2015-01-03
T.I. Featuring Young Thug,About The Money,42.0,20.0,2015-01-03
Chris Jamison & Adam Levine,Lost Without U,63.0,1.0,2015-01-03
Damien,Soldier,74.0,1.0,2015-01-03
Matt McAndrew & Adam Levine,Lost Stars,83.0,1.0,2015-01-03
Maddie & Tae,Girl In A Country Song,54.0,20.0,2015-01-03
Nicki Minaj Featuring Ariana Grande,Get On Your Knees,88.0,1.0,2015-01-03
Pitbull Featuring John Ryan,Fireball,23.0,20.0,2015-01-03
