Acousticness,Album,Album Type,Artist,Danceability,Date,Energy,Explicit,Genre,Instrumentalness,Key,Label,Length,Liveness,Loudness,Speechiness,Tempo,Track,Track Number,Valence
0.0815,Redemption,album,Jay Rock,0.634,2018-06-15,0.646,1.0,"['dirty south rap', 'gangster rap', 'hip hop', 'indie r&b', 'pop', 'pop rap', 'rap', 'southern hip hop', 'trap music', 'underground hip hop']",2.52e-05,0.0,Jay Rock (TDE/ISR) JV,183413.0,0.348,-4.444,0.178,148.031,The Bloodiest,1.0,0.338
0.444,Redemption,album,Jay Rock,0.807,2018-06-15,0.544,1.0,"['dirty south rap', 'gangster rap', 'hip hop', 'indie r&b', 'pop', 'pop rap', 'rap', 'southern hip hop', 'trap music', 'underground hip hop']",2.81e-06,0.0,Jay Rock (TDE/ISR) JV,186720.0,0.215,-7.545,0.431,144.071,For What It's Worth,2.0,0.533
0.336,Redemption,album,Jay Rock,0.926,2018-06-15,0.467,1.0,"['dirty south rap', 'gangster rap', 'hip hop', 'indie r&b', 'pop', 'pop rap', 'rap', 'southern hip hop', 'trap music', 'underground hip hop']",4.41e-05,6.0,Jay Rock (TDE/ISR) JV,191146.0,0.116,-7.537,0.112,132.977,Knock It Off,3.0,0.827
0.218,Redemption,album,Jay Rock,0.614,2018-06-15,0.739,1.0,"['dirty south rap', 'gangster rap', 'hip hop', 'indie r&b', 'pop', 'pop rap', 'rap', 'southern hip hop', 'trap music', 'underground hip hop']",0.0,10.0,Jay Rock (TDE/ISR) JV,210800.0,0.153,-6.023,0.436,80.328,ES Tales,4.0,0.588
0.0579,Redemption,album,Jay Rock,0.736,2018-06-15,0.719,1.0,"['dirty south rap', 'gangster rap', 'hip hop', 'indie r&b', 'pop', 'pop rap', 'rap', 'southern hip hop', 'trap music', 'underground hip hop']",0.00632,9.0,Jay Rock (TDE/ISR) JV,212240.0,0.127,-4.651,0.238,175.895,Rotation 112th,5.0,0.305
0.0982,Redemption,album,Jay Rock,0.675,2018-06-15,0.619,1.0,"['dirty south rap', 'gangster rap', 'hip hop', 'indie r&b', 'pop', 'pop rap', 'rap', 'southern hip hop', 'trap music', 'underground hip hop']",0.0,5.0,Jay Rock (TDE/ISR) JV,199960.0,0.199,-6.255,0.0571,100.093,Tap Out (feat. Jeremih),6.0,0.572
0.409,Redemption,album,Jay Rock,0.761,2018-06-15,0.671,1.0,"['dirty south rap', 'gangster rap', 'hip hop', 'indie r&b', 'pop', 'pop rap', 'rap', 'southern hip hop', 'trap music', 'underground hip hop']",0.0,1.0,Jay Rock (TDE/ISR) JV,323120.0,0.27,-7.002,0.193,124.993,OSOM (feat. J. Cole),7.0,0.388
0.00214,Redemption,album,Jay Rock,0.844,2018-06-15,0.794,1.0,"['dirty south rap', 'gangster rap', 'hip hop', 'indie r&b', 'pop', 'pop rap', 'rap', 'southern hip hop', 'trap music', 'underground hip hop']",0.0,1.0,Jay Rock (TDE/ISR) JV,161293.0,0.109,-4.573,0.228,82.028,King's Dead (feat. Future),8.0,0.549
0.271,Redemption,album,Jay Rock,0.537,2018-06-15,0.473,1.0,"['dirty south rap', 'gangster rap', 'hip hop', 'indie r&b', 'pop', 'pop rap', 'rap', 'southern hip hop', 'trap music', 'underground hip hop']",3.61e-06,1.0,Jay Rock (TDE/ISR) JV,203120.0,0.121,-8.606,0.38,90.389,Troopers,9.0,0.449
0.218,Redemption,album,Jay Rock,0.625,2018-06-15,0.739,1.0,"['dirty south rap', 'gangster rap', 'hip hop', 'indie r&b', 'pop', 'pop rap', 'rap', 'southern hip hop', 'trap music', 'underground hip hop']",0.0,2.0,Jay Rock (TDE/ISR) JV,174066.0,0.111,-8.764,0.511,140.056,Broke +-,10.0,0.323
0.0316,Redemption,album,Jay Rock,0.783,2018-06-15,0.631,1.0,"['dirty south rap', 'gangster rap', 'hip hop', 'indie r&b', 'pop', 'pop rap', 'rap', 'southern hip hop', 'trap music', 'underground hip hop']",0.0,8.0,Jay Rock (TDE/ISR) JV,175213.0,0.0612,-4.509,0.338,150.112,Wow Freestyle (feat. Kendrick Lamar),11.0,0.751
0.0799,Redemption,album,Jay Rock,0.643,2018-06-15,0.815,1.0,"['dirty south rap', 'gangster rap', 'hip hop', 'indie r&b', 'pop', 'pop rap', 'rap', 'southern hip hop', 'trap music', 'underground hip hop']",0.0,10.0,Jay Rock (TDE/ISR) JV,211613.0,0.141,-5.369,0.299,143.94,Redemption (feat. SZA),12.0,0.333
0.0144,Redemption,album,Jay Rock,0.664,2018-06-15,0.595,1.0,"['dirty south rap', 'gangster rap', 'hip hop', 'indie r&b', 'pop', 'pop rap', 'rap', 'southern hip hop', 'trap music', 'underground hip hop']",0.0,1.0,Jay Rock (TDE/ISR) JV,215226.0,0.464,-2.947,0.217,126.046,WIN,13.0,0.374
0.0854,Growing Pains,single,Alessia Cara,0.359,2018-06-15,0.728,0.0,"['dance pop', 'pop', 'post-teen pop']",0.0,6.0,Def Jam Recordings,193680.0,0.489,-6.281,0.598,191.227,Growing Pains,1.0,0.441
0.225,Keeping Score (feat. Kelly Clarkson),single,Dan + Shay,0.567,2018-06-15,0.622,0.0,"['contemporary country', 'country road']",0.0,4.0,Warner Bros.,220213.0,0.138,-4.29,0.0317,135.97,Keeping Score (feat. Kelly Clarkson),1.0,0.336
0.584,Ocean (feat. Khalid),single,Martin Garrix,0.506,2018-06-15,0.693,0.0,"['big room', 'edm', 'pop', 'progressive house', 'tropical house']",9.58e-05,0.0,Epic Amsterdam,216419.0,0.0891,-7.265,0.0412,139.912,Ocean (feat. Khalid),1.0,0.221
0.555,Liberation,album,Christina Aguilera,0.241,2018-06-15,0.271,0.0,"['dance pop', 'pop', 'post-teen pop', 'r&b', 'urban contemporary']",0.43,8.0,RCA Records Label,107373.0,0.114,-16.271,0.0363,60.018,Liberation,1.0,0.044
0.863,Liberation,album,Christina Aguilera,0.5,2018-06-15,0.067,0.0,"['dance pop', 'pop', 'post-teen pop', 'r&b', 'urban contemporary']",0.0,3.0,RCA Records Label,25026.0,0.132,-17.953,0.226,106.227,Searching For Maria,2.0,0.334
0.0269,Liberation,album,Christina Aguilera,0.453,2018-06-15,0.738,0.0,"['dance pop', 'pop', 'post-teen pop', 'r&b', 'urban contemporary']",2.01e-06,1.0,RCA Records Label,274760.0,0.159,-5.045,0.088,148.195,Maria,3.0,0.0864
0.406,Liberation,album,Christina Aguilera,0.472,2018-06-15,0.977,1.0,"['dance pop', 'pop', 'post-teen pop', 'r&b', 'urban contemporary']",0.000159,11.0,RCA Records Label,240533.0,0.986,-2.409,0.419,169.953,Sick Of Sittin',4.0,0.66
0.872,Liberation,album,Christina Aguilera,0.786,2018-06-15,0.179,0.0,"['dance pop', 'pop', 'post-teen pop', 'r&b', 'urban contemporary']",0.0,7.0,RCA Records Label,36880.0,0.59,-15.714,0.702,101.917,Dreamers,5.0,0.762
0.209,Liberation,album,Christina Aguilera,0.39,2018-06-15,0.631,0.0,"['dance pop', 'pop', 'post-teen pop', 'r&b', 'urban contemporary']",0.0,9.0,RCA Records Label,248544.0,0.277,-4.701,0.0769,123.042,Fall In Line,6.0,0.197
0.118,Liberation,album,Christina Aguilera,0.855,2018-06-15,0.522,0.0,"['dance pop', 'pop', 'post-teen pop', 'r&b', 'urban contemporary']",0.0,7.0,RCA Records Label,228040.0,0.548,-6.663,0.161,140.003,Right Moves,7.0,0.473
0.27,Liberation,album,Christina Aguilera,0.829,2018-06-15,0.575,1.0,"['dance pop', 'pop', 'post-teen pop', 'r&b', 'urban contemporary']",0.0,1.0,RCA Records Label,289346.0,0.0896,-4.802,0.326,105.932,Like I Do,8.0,0.268
0.331,Liberation,album,Christina Aguilera,0.45,2018-06-15,0.389,1.0,"['dance pop', 'pop', 'post-teen pop', 'r&b', 'urban contemporary']",0.0,7.0,RCA Records Label,263680.0,0.157,-5.174,0.031,98.949,Deserve,9.0,0.12
0.919,Liberation,album,Christina Aguilera,0.588,2018-06-15,0.313,0.0,"['dance pop', 'pop', 'post-teen pop', 'r&b', 'urban contemporary']",0.0,6.0,RCA Records Label,242357.0,0.0845,-5.496,0.043,74.947,Twice,10.0,0.318
0.775,Liberation,album,Christina Aguilera,0.33,2018-06-15,0.293,0.0,"['dance pop', 'pop', 'post-teen pop', 'r&b', 'urban contemporary']",0.0,11.0,RCA Records Label,54573.0,0.246,-9.812,0.428,198.627,I Don't Need It Anymore (Interlude),11.0,0.355
0.371,Liberation,album,Christina Aguilera,0.799,2018-06-15,0.629,1.0,"['dance pop', 'pop', 'post-teen pop', 'r&b', 'urban contemporary']",2.01e-06,0.0,RCA Records Label,243061.0,0.15,-5.638,0.14,128.041,Accelerate,12.0,0.293
0.63,Liberation,album,Christina Aguilera,0.735,2018-06-15,0.576,1.0,"['dance pop', 'pop', 'post-teen pop', 'r&b', 'urban contemporary']",2.39e-05,4.0,RCA Records Label,245293.0,0.077,-6.136,0.4,180.036,Pipe,13.0,0.532
0.415,Liberation,album,Christina Aguilera,0.671,2018-06-15,0.335,0.0,"['dance pop', 'pop', 'post-teen pop', 'r&b', 'urban contemporary']",0.016,7.0,RCA Records Label,210226.0,0.156,-7.707,0.0818,90.916,Masochist,14.0,0.23
0.578,Liberation,album,Christina Aguilera,0.588,2018-06-15,0.497,0.0,"['dance pop', 'pop', 'post-teen pop', 'r&b', 'urban contemporary']",0.0,2.0,RCA Records Label,257053.0,0.108,-5.312,0.0397,99.071,Unless It's With You,15.0,0.238
0.3,Born To Be Yours (with Imagine Dragons),single,Kygo,0.688,2018-06-15,0.688,0.0,"['edm', 'pop', 'tropical house']",0.0,3.0,Kygo & Imagine Dragons,193320.0,0.0982,-5.84,0.0357,114.011,Born To Be Yours (with Imagine Dragons),1.0,0.451
0.138,Calypso,single,Luis Fonsi,0.866,2018-06-14,0.859,0.0,"['latin', 'latin pop']",0.0,1.0,Universal Music Latino,200346.0,0.401,-3.087,0.0587,109.972,Calypso,1.0,0.923
0.0622,Zum Zum,single,Daddy Yankee,0.839,2018-06-15,0.832,0.0,"['latin', 'latin hip hop', 'pop', 'reggaeton', 'tropical']",4.59e-06,0.0,Pina Records,235773.0,0.282,-2.492,0.0531,92.004,Zum Zum,1.0,0.529
0.266,Gold Rush,single,Death Cab for Cutie,0.515,2018-06-13,0.969,0.0,"['folk-pop', 'indie folk', 'indie pop', 'indie rock', 'modern rock', 'pop rock', 'stomp and holler']",0.000141,5.0,Atlantic Records,240253.0,0.293,-4.431,0.0506,80.425,Gold Rush,1.0,0.743
0.254,Do It All Over,single,BONNIE X CLYDE,0.514,2018-06-15,0.568,0.0,"['bass trap', 'brostep', 'electronic trap']",0.0,5.0,Independent,187500.0,0.191,-5.646,0.313,191.602,Do It All Over,1.0,0.304
0.104,Got Friends,single,GoldLink,0.691,2018-06-13,0.75,1.0,"['hip hop', 'indie r&b', 'pop rap', 'rap', 'underground hip hop']",0.0,10.0,Squaaash Club/RCA Records,226963.0,0.123,-3.934,0.347,143.744,Got Friends,1.0,0.345
0.303,Collagically Speaking,album,R+R=NOW,0.429,2018-06-15,0.428,0.0,[],0.532,1.0,"Capitol Records, LLC",452755.0,0.161,-8.228,0.0475,87.837,Change Of Tone,1.0,0.267
0.106,Collagically Speaking,album,R+R=NOW,0.777,2018-06-15,0.561,0.0,[],0.067,1.0,"Capitol Records, LLC",494822.0,0.488,-6.514,0.0419,94.996,Awake To You,2.0,0.507
0.579,Collagically Speaking,album,R+R=NOW,0.614,2018-06-15,0.336,1.0,[],0.451,1.0,"Capitol Records, LLC",327146.0,0.617,-11.643,0.0276,95.02,By Design,3.0,0.35
0.0116,Collagically Speaking,album,R+R=NOW,0.435,2018-06-15,0.822,0.0,[],0.827,7.0,"Capitol Records, LLC",591250.0,0.0932,-6.325,0.0476,116.007,Resting Warrior,4.0,0.517
0.438,Collagically Speaking,album,R+R=NOW,0.657,2018-06-15,0.517,1.0,[],0.000901,1.0,"Capitol Records, LLC",369550.0,0.0921,-9.908,0.249,155.881,Needed You Still,5.0,0.42
0.223,Collagically Speaking,album,R+R=NOW,0.37,2018-06-15,0.542,0.0,[],0.545,1.0,"Capitol Records, LLC",288563.0,0.103,-10.366,0.0387,121.716,Colors In The Dark,6.0,0.142
0.308,Collagically Speaking,album,R+R=NOW,0.376,2018-06-15,0.692,0.0,[],0.0995,2.0,"Capitol Records, LLC",461308.0,0.141,-6.684,0.0838,79.469,The Night In Question,7.0,0.515
0.628,Collagically Speaking,album,R+R=NOW,0.698,2018-06-15,0.693,1.0,[],0.031,5.0,"Capitol Records, LLC",402013.0,0.17,-5.415,0.0402,85.046,Reflect Reprise,8.0,0.961
0.884,Collagically Speaking,album,R+R=NOW,0.381,2018-06-15,0.292,0.0,[],0.00164,4.0,"Capitol Records, LLC",404532.0,0.147,-14.273,0.046,106.0,HER=NOW,9.0,0.318
0.101,Collagically Speaking,album,R+R=NOW,0.507,2018-06-15,0.401,0.0,[],0.682,1.0,"Capitol Records, LLC",321983.0,0.169,-8.421,0.049,72.745,Respond,10.0,0.388
0.706,Collagically Speaking,album,R+R=NOW,0.527,2018-06-15,0.524,1.0,[],0.369,5.0,"Capitol Records, LLC",289864.0,0.216,-12.509,0.0707,145.167,Been On My Mind,11.0,0.623
0.0115,Youngblood (Deluxe),album,5 Seconds of Summer,0.633,2018-06-15,0.478,0.0,"['boy band', 'pop', 'post-teen pop']",0.0,0.0,Capitol,150467.0,0.103,-5.571,0.0359,159.951,Lie To Me,3.0,0.692
0.0601,Youngblood (Deluxe),album,5 Seconds of Summer,0.746,2018-06-15,0.767,0.0,"['boy band', 'pop', 'post-teen pop']",1.07e-05,1.0,Capitol,196628.0,0.0859,-2.907,0.0374,94.007,Valentine,4.0,0.773
0.0318,Youngblood (Deluxe),album,5 Seconds of Summer,0.803,2018-06-15,0.719,0.0,"['boy band', 'pop', 'post-teen pop']",2.88e-05,4.0,Capitol,187234.0,0.0742,-3.354,0.0474,145.983,Talk Fast,5.0,0.608
0.00529,Youngblood (Deluxe),album,5 Seconds of Summer,0.713,2018-06-15,0.829,0.0,"['boy band', 'pop', 'post-teen pop']",0.0,11.0,Capitol,197517.0,0.221,-4.297,0.203,149.996,Moving Along,6.0,0.845
0.00879,Youngblood (Deluxe),album,5 Seconds of Summer,0.588,2018-06-15,0.79,0.0,"['boy band', 'pop', 'post-teen pop']",0.0,4.0,Capitol,182292.0,0.0954,-4.762,0.0776,121.899,If Walls Could Talk,7.0,0.499
0.000979,Youngblood (Deluxe),album,5 Seconds of Summer,0.577,2018-06-15,0.863,0.0,"['boy band', 'pop', 'post-teen pop']",0.0,7.0,Capitol,194128.0,0.0989,-3.613,0.0374,92.039,More,9.0,0.182
0.000455,Youngblood (Deluxe),album,5 Seconds of Summer,0.613,2018-06-15,0.78,0.0,"['boy band', 'pop', 'post-teen pop']",0.0,5.0,Capitol,200605.0,0.124,-3.771,0.0344,135.122,Why Won’t You Love Me,10.0,0.333
0.0119,Youngblood (Deluxe),album,5 Seconds of Summer,0.677,2018-06-15,0.863,0.0,"['boy band', 'pop', 'post-teen pop']",0.0,7.0,Capitol,157002.0,0.146,-3.785,0.109,126.909,Woke Up In Japan,11.0,0.647
0.0123,Youngblood (Deluxe),album,5 Seconds of Summer,0.591,2018-06-15,0.709,0.0,"['boy band', 'pop', 'post-teen pop']",0.0,1.0,Capitol,187651.0,0.338,-4.324,0.0431,188.073,Empty Wallets,12.0,0.441
0.0965,Youngblood (Deluxe),album,5 Seconds of Summer,0.458,2018-06-15,0.561,0.0,"['boy band', 'pop', 'post-teen pop']",0.0,10.0,Capitol,197411.0,0.156,-4.819,0.0269,149.875,Ghost Of You,13.0,0.206
0.0918,Youngblood (Deluxe),album,5 Seconds of Summer,0.495,2018-06-15,0.678,0.0,"['boy band', 'pop', 'post-teen pop']",0.0,0.0,Capitol,192332.0,0.078,-4.627,0.0583,166.105,Monster Among Men,14.0,0.475
0.00985,Youngblood (Deluxe),album,5 Seconds of Summer,0.728,2018-06-15,0.711,0.0,"['boy band', 'pop', 'post-teen pop']",3.2e-06,6.0,Capitol,190854.0,0.254,-5.047,0.0701,132.915,Meet You There,15.0,0.693
0.00155,Youngblood (Deluxe),album,5 Seconds of Summer,0.521,2018-06-15,0.884,0.0,"['boy band', 'pop', 'post-teen pop']",1.69e-06,4.0,Capitol,213185.0,0.209,-2.931,0.0403,92.988,Babylon,16.0,0.494
0.122,Fishin',single,Chris Lane,0.663,2018-06-15,0.79,0.0,['contemporary country'],0.0,2.0,Big Loud Records,162160.0,0.0932,-5.107,0.0332,99.992,Fishin',1.0,0.861
0.00406,Who You Say I Am (Studio Version),single,Hillsong Worship,0.376,2018-06-15,0.65,0.0,['worship'],0.0,6.0,Capitol Christian Music Group,198704.0,0.089,-8.147,0.0406,171.907,Who You Say I Am - Studio Version,1.0,0.321
0.706,Incredibles 2 (Original Motion Picture Soundtrack),album,Michael Giacchino,0.55,2018-06-15,0.114,0.0,"['scorecore', 'soundtrack', 'video game music']",0.722,2.0,Walt Disney Records,50706.0,0.139,-26.005,0.0336,124.893,Episode 2,1.0,0.375
0.57,Incredibles 2 (Original Motion Picture Soundtrack),album,Michael Giacchino,0.382,2018-06-15,0.0375,0.0,"['scorecore', 'soundtrack', 'video game music']",0.683,0.0,Walt Disney Records,128493.0,0.0756,-18.254,0.0447,124.975,A Tony Perspective,2.0,0.0724
0.294,Incredibles 2 (Original Motion Picture Soundtrack),album,Michael Giacchino,0.417,2018-06-15,0.644,0.0,"['scorecore', 'soundtrack', 'video game music']",0.141,1.0,Walt Disney Records,312560.0,0.133,-8.064,0.16,74.941,Consider Yourselves Undermined!,3.0,0.272
0.967,Incredibles 2 (Original Motion Picture Soundtrack),album,Michael Giacchino,0.198,2018-06-15,0.0306,0.0,"['scorecore', 'soundtrack', 'video game music']",0.969,0.0,Walt Disney Records,110013.0,0.15,-26.15,0.0411,88.644,A Matter of Perception,4.0,0.0338
0.481,Incredibles 2 (Original Motion Picture Soundtrack),album,Michael Giacchino,0.536,2018-06-15,0.362,0.0,"['scorecore', 'soundtrack', 'video game music']",0.00355,7.0,Walt Disney Records,102560.0,0.155,-8.648,0.0394,119.855,Diggin' the New Digs,5.0,0.464
0.839,Incredibles 2 (Original Motion Picture Soundtrack),album,Michael Giacchino,0.256,2018-06-15,0.0425,0.0,"['scorecore', 'soundtrack', 'video game music']",0.673,2.0,Walt Disney Records,57053.0,0.0913,-27.233,0.036,48.744,This Ain't My Super-Suit?,6.0,0.0385
0.158,Incredibles 2 (Original Motion Picture Soundtrack),album,Michael Giacchino,0.424,2018-06-15,0.824,0.0,"['scorecore', 'soundtrack', 'video game music']",0.756,8.0,Walt Disney Records,60226.0,0.131,-7.18,0.092,124.88,Elastigirl Is Back,7.0,0.471
0.24,Incredibles 2 (Original Motion Picture Soundtrack),album,Michael Giacchino,0.537,2018-06-15,0.761,0.0,"['scorecore', 'soundtrack', 'video game music']",0.124,1.0,Walt Disney Records,197240.0,0.69,-5.862,0.0691,160.0,Train of Taut,8.0,0.385
0.34,Incredibles 2 (Original Motion Picture Soundtrack),album,Michael Giacchino,0.8,2018-06-15,0.155,0.0,"['scorecore', 'soundtrack', 'video game music']",0.0278,8.0,Walt Disney Records,118386.0,0.487,-20.073,0.152,110.196,Rocky vs. Jack-Jack,9.0,0.24
0.681,Incredibles 2 (Original Motion Picture Soundtrack),album,Michael Giacchino,0.15,2018-06-15,0.307,0.0,"['scorecore', 'soundtrack', 'video game music']",0.628,10.0,Walt Disney Records,149320.0,0.156,-10.405,0.0325,74.968,Ambassador Ambush,10.0,0.0398
0.91,Incredibles 2 (Original Motion Picture Soundtrack),album,Michael Giacchino,0.224,2018-06-15,0.068,0.0,"['scorecore', 'soundtrack', 'video game music']",0.876,2.0,Walt Disney Records,68826.0,0.106,-26.067,0.0441,66.863,Hero Worship,11.0,0.0387
0.878,Incredibles 2 (Original Motion Picture Soundtrack),album,Michael Giacchino,0.243,2018-06-15,0.0596,0.0,"['scorecore', 'soundtrack', 'video game music']",0.56,5.0,Walt Disney Records,280760.0,0.0782,-16.103,0.0488,119.946,Searching for a Screenslaver,12.0,0.0368
0.811,Incredibles 2 (Original Motion Picture Soundtrack),album,Michael Giacchino,0.152,2018-06-15,0.313,0.0,"['scorecore', 'soundtrack', 'video game music']",0.00452,5.0,Walt Disney Records,42933.0,0.118,-15.201,0.0506,91.131,Super Legal Again,13.0,0.0656
0.699,Incredibles 2 (Original Motion Picture Soundtrack),album,Michael Giacchino,0.394,2018-06-15,0.183,0.0,"['scorecore', 'soundtrack', 'video game music']",0.256,1.0,Walt Disney Records,98720.0,0.18,-13.081,0.0493,141.788,Renouncing the Renunciation,14.0,0.0714
0.356,Incredibles 2 (Original Motion Picture Soundtrack),album,Michael Giacchino,0.499,2018-06-15,0.737,0.0,"['scorecore', 'soundtrack', 'video game music']",0.626,1.0,Walt Disney Records,93253.0,0.324,-7.211,0.155,160.524,World's Worst Babysitters,15.0,0.351
0.731,Incredibles 2 (Original Motion Picture Soundtrack),album,Michael Giacchino,0.302,2018-06-15,0.253,0.0,"['scorecore', 'soundtrack', 'video game music']",0.709,9.0,Walt Disney Records,55293.0,0.196,-13.816,0.0599,115.455,Helen of Ploy,16.0,0.0348
0.493,Incredibles 2 (Original Motion Picture Soundtrack),album,Michael Giacchino,0.282,2018-06-15,0.399,0.0,"['scorecore', 'soundtrack', 'video game music']",0.0406,1.0,Walt Disney Records,123080.0,0.267,-12.006,0.0704,171.888,A Dash of Reality,17.0,0.0968
0.352,Incredibles 2 (Original Motion Picture Soundtrack),album,Michael Giacchino,0.398,2018-06-15,0.375,0.0,"['scorecore', 'soundtrack', 'video game music']",0.642,0.0,Walt Disney Records,231586.0,0.18,-15.112,0.0418,140.269,Hydrofoiled Again,18.0,0.129
0.57,Incredibles 2 (Original Motion Picture Soundtrack),album,Michael Giacchino,0.281,2018-06-15,0.185,0.0,"['scorecore', 'soundtrack', 'video game music']",0.0269,5.0,Walt Disney Records,90186.0,0.103,-18.422,0.0583,75.747,Jack Splat,19.0,0.0396
0.434,Incredibles 2 (Original Motion Picture Soundtrack),album,Michael Giacchino,0.411,2018-06-15,0.38,0.0,"['scorecore', 'soundtrack', 'video game music']",0.194,7.0,Walt Disney Records,257079.0,0.038,-9.579,0.0637,136.498,A Bridge Too Parr,20.0,0.0989
0.0999,Incredibles 2 (Original Motion Picture Soundtrack),album,Michael Giacchino,0.557,2018-06-15,0.661,0.0,"['scorecore', 'soundtrack', 'video game music']",0.362,10.0,Walt Disney Records,105933.0,0.0856,-8.107,0.0632,92.766,Together Forever and Deavor,21.0,0.32
0.613,Incredibles 2 (Original Motion Picture Soundtrack),album,Michael Giacchino,0.311,2018-06-15,0.346,0.0,"['scorecore', 'soundtrack', 'video game music']",0.0194,10.0,Walt Disney Records,180080.0,0.172,-8.521,0.038,80.314,Elastigirl's Got a Plane to Catch,22.0,0.0781
0.0909,Incredibles 2 (Original Motion Picture Soundtrack),album,Michael Giacchino,0.402,2018-06-15,0.848,0.0,"['scorecore', 'soundtrack', 'video game music']",0.000146,1.0,Walt Disney Records,119066.0,0.315,-5.53,0.0681,159.819,Looks Like I Picked the Wrong Week to Quit Oxygen,23.0,0.319
0.948,Incredibles 2 (Original Motion Picture Soundtrack),album,Michael Giacchino,0.119,2018-06-15,0.154,0.0,"['scorecore', 'soundtrack', 'video game music']",0.863,5.0,Walt Disney Records,75893.0,0.0946,-16.974,0.05,178.524,Happily After-Deavor,24.0,0.033
0.588,Incredibles 2 (Original Motion Picture Soundtrack),album,Michael Giacchino,0.442,2018-06-15,0.309,0.0,"['scorecore', 'soundtrack', 'video game music']",0.0175,6.0,Walt Disney Records,36586.0,0.104,-9.625,0.0413,117.335,Out and a Bout,25.0,0.226
0.524,Incredibles 2 (Original Motion Picture Soundtrack),album,Michael Giacchino,0.446,2018-06-15,0.606,0.0,"['scorecore', 'soundtrack', 'video game music']",0.13,5.0,Walt Disney Records,591773.0,0.873,-8.338,0.0931,123.773,Incredits 2,26.0,0.182
0.0381,Incredibles 2 (Original Motion Picture Soundtrack),album,Michael Giacchino,0.531,2018-06-15,0.723,0.0,"['scorecore', 'soundtrack', 'video game music']",1.46e-06,0.0,Walt Disney Records,83186.0,0.249,-4.466,0.0591,143.917,Here Comes Elastigirl - Elastigirl's Theme,27.0,0.853
0.0902,Incredibles 2 (Original Motion Picture Soundtrack),album,Michael Giacchino,0.601,2018-06-15,0.528,0.0,"['scorecore', 'soundtrack', 'video game music']",0.000114,9.0,Walt Disney Records,100533.0,0.0305,-8.691,0.0867,105.5,Chill or Be Chilled - Frozone's Theme,28.0,0.499
0.161,Incredibles 2 (Original Motion Picture Soundtrack),album,Michael Giacchino,0.64,2018-06-15,0.391,0.0,"['scorecore', 'soundtrack', 'video game music']",0.0159,0.0,Walt Disney Records,90986.0,0.204,-6.849,0.0468,79.528,Pow! Pow! Pow! - Mr. Incredible's Theme,29.0,0.358
0.00754,Incredibles 2 (Original Motion Picture Soundtrack),album,Michael Giacchino,0.773,2018-06-15,0.56,0.0,"['scorecore', 'soundtrack', 'video game music']",0.864,7.0,Walt Disney Records,113413.0,0.0773,-9.684,0.0368,95.007,Devtechno!,30.0,0.234
0.789,Incredibles 2 (Original Motion Picture Soundtrack),album,Michael Giacchino,0.0,2018-06-15,0.16,0.0,"['scorecore', 'soundtrack', 'video game music']",0.981,7.0,Walt Disney Records,5546.0,0.0,-4.697,0.0,0.0,Chad Tonight Talk Show Theme,31.0,0.0
0.0874,Incredibles 2 (Original Motion Picture Soundtrack),album,Michael Giacchino,0.0,2018-06-15,0.276,0.0,"['scorecore', 'soundtrack', 'video game music']",0.0591,2.0,Walt Disney Records,6746.0,0.0,-5.257,0.0,0.0,Chad Tonight Newscast Bumper,32.0,0.0
0.0139,Incredibles 2 (Original Motion Picture Soundtrack),album,D Cappella,0.638,2018-06-15,0.655,0.0,[],0.000723,0.0,Walt Disney Records,80783.0,0.269,-7.795,0.0325,148.096,Here Comes Elastigirl - Elastigirl's Theme - A Cappella,33.0,0.867
0.51,Incredibles 2 (Original Motion Picture Soundtrack),album,D Cappella,0.719,2018-06-15,0.409,0.0,[],3.39e-05,7.0,Walt Disney Records,96613.0,0.0889,-12.105,0.0447,110.024,Chill or Be Chilled - Frozone's Theme - A Cappella,34.0,0.672
0.248,Incredibles 2 (Original Motion Picture Soundtrack),album,D Cappella,0.735,2018-06-15,0.552,0.0,[],5.17e-06,0.0,Walt Disney Records,91314.0,0.295,-9.416,0.0955,160.221,Pow! Pow! Pow! - Mr. Incredible's Theme - A Cappella,35.0,0.528
0.207,Incredibles 2 (Original Motion Picture Soundtrack),album,D Cappella,0.663,2018-06-15,0.564,0.0,[],0.000269,6.0,Walt Disney Records,99005.0,0.364,-8.768,0.0427,92.977,The Glory Days - A Cappella,36.0,0.72
0.0252,Gotti (Original Motion Picture Soundtrack),album,Pitbull,0.666,2018-06-14,0.8,1.0,"['dance pop', 'latin', 'pop', 'pop rap']",5.13e-06,7.0,Sony Masterworks,147066.0,0.0851,-6.57,0.102,106.981,So Sorry,1.0,0.439
0.956,Gotti (Original Motion Picture Soundtrack),album,Pitbull,0.257,2018-06-14,0.142,0.0,"['dance pop', 'latin', 'pop', 'pop rap']",0.587,0.0,Sony Masterworks,390333.0,0.188,-13.983,0.0426,119.055,Father & Son,2.0,0.0394
0.636,Gotti (Original Motion Picture Soundtrack),album,Pitbull,0.487,2018-06-14,0.246,0.0,"['dance pop', 'latin', 'pop', 'pop rap']",0.791,0.0,Sony Masterworks,237573.0,0.0966,-17.278,0.0412,96.044,Carpe Diem,3.0,0.0269
0.285,Gotti (Original Motion Picture Soundtrack),album,Pitbull,0.569,2018-06-14,0.591,1.0,"['dance pop', 'latin', 'pop', 'pop rap']",0.0,2.0,Sony Masterworks,198306.0,0.105,-7.528,0.0536,137.076,Amore,4.0,0.319
0.996,Gotti (Original Motion Picture Soundtrack),album,Pitbull,0.171,2018-06-14,0.156,0.0,"['dance pop', 'latin', 'pop', 'pop rap']",0.836,9.0,Sony Masterworks,44306.0,0.0946,-17.958,0.0467,108.762,Don't Say Another Word,5.0,0.0399
0.678,Gotti (Original Motion Picture Soundtrack),album,Pitbull,0.131,2018-06-14,0.272,0.0,"['dance pop', 'latin', 'pop', 'pop rap']",0.679,7.0,Sony Masterworks,54933.0,0.108,-21.072,0.0505,97.367,The Meeting,6.0,0.0384
0.847,Gotti (Original Motion Picture Soundtrack),album,Pitbull,0.125,2018-06-14,0.245,0.0,"['dance pop', 'latin', 'pop', 'pop rap']",0.939,9.0,Sony Masterworks,51146.0,0.116,-18.472,0.0351,83.773,Enough,7.0,0.0365
0.058,Gotti (Original Motion Picture Soundtrack),album,Pitbull,0.163,2018-06-14,0.297,0.0,"['dance pop', 'latin', 'pop', 'pop rap']",0.857,0.0,Sony Masterworks,246826.0,0.105,-11.887,0.0401,87.896,Father,8.0,0.0358
0.986,Gotti (Original Motion Picture Soundtrack),album,Pitbull,0.261,2018-06-14,0.00331,0.0,"['dance pop', 'latin', 'pop', 'pop rap']",0.797,0.0,Sony Masterworks,34320.0,0.165,-23.967,0.0605,70.679,Advice,9.0,0.0655
0.000274,Gotti (Original Motion Picture Soundtrack),album,Pitbull,0.322,2018-06-14,0.605,0.0,"['dance pop', 'latin', 'pop', 'pop rap']",0.905,3.0,Sony Masterworks,312426.0,0.0777,-5.172,0.0319,138.096,Somebody To Be,10.0,0.0787
0.76,Gotti (Original Motion Picture Soundtrack),album,Pitbull,0.5,2018-06-14,0.606,0.0,"['dance pop', 'latin', 'pop', 'pop rap']",0.773,7.0,Sony Masterworks,103866.0,0.0669,-13.315,0.0437,131.991,The Mistake,11.0,0.24
0.755,Gotti (Original Motion Picture Soundtrack),album,Pitbull,0.46,2018-06-14,0.345,0.0,"['dance pop', 'latin', 'pop', 'pop rap']",0.371,7.0,Sony Masterworks,89840.0,0.0686,-14.044,0.036,92.987,I Know You Know,13.0,0.0995
0.763,Gotti (Original Motion Picture Soundtrack),album,Pitbull,0.367,2018-06-14,0.314,0.0,"['dance pop', 'latin', 'pop', 'pop rap']",0.924,3.0,Sony Masterworks,100040.0,0.105,-13.659,0.0377,89.433,Cosa Nostra,14.0,0.531
0.256,Gotti (Original Motion Picture Soundtrack),album,Pitbull,0.153,2018-06-14,0.00358,0.0,"['dance pop', 'latin', 'pop', 'pop rap']",0.416,2.0,Sony Masterworks,56853.0,0.108,-24.896,0.0545,91.09,The Decision,15.0,0.0398
0.404,Gotti (Original Motion Picture Soundtrack),album,Pitbull,0.102,2018-06-14,0.163,0.0,"['dance pop', 'latin', 'pop', 'pop rap']",0.887,0.0,Sony Masterworks,279240.0,0.11,-12.421,0.0378,86.968,The Plot,16.0,0.0316
0.692,Gotti (Original Motion Picture Soundtrack),album,Pitbull,0.121,2018-06-14,0.0622,0.0,"['dance pop', 'latin', 'pop', 'pop rap']",0.701,2.0,Sony Masterworks,73640.0,0.136,-16.432,0.0416,148.72,The Shelf,17.0,0.0632
0.728,Gotti (Original Motion Picture Soundtrack),album,Pitbull,0.57,2018-06-14,0.288,0.0,"['dance pop', 'latin', 'pop', 'pop rap']",0.905,5.0,Sony Masterworks,71093.0,0.251,-12.583,0.0374,116.043,The Trial,18.0,0.139
0.965,Gotti (Original Motion Picture Soundtrack),album,Pitbull,0.154,2018-06-14,0.0155,0.0,"['dance pop', 'latin', 'pop', 'pop rap']",0.985,0.0,Sony Masterworks,73826.0,0.166,-22.954,0.0414,135.886,Mourning,19.0,0.0381
0.0255,Please Don't Be Dead,album,Fantastic Negrito,0.634,2018-06-15,0.779,1.0,"['bay area indie', 'funk', 'modern blues']",0.00103,9.0,Cooking Vinyl,217451.0,0.342,-6.607,0.0361,82.003,Plastic Hamburgers,1.0,0.562
0.0389,Please Don't Be Dead,album,Fantastic Negrito,0.768,2018-06-15,0.644,0.0,"['bay area indie', 'funk', 'modern blues']",2.45e-06,8.0,Cooking Vinyl,238602.0,0.371,-6.516,0.031,79.026,Bad Guy Necessity,2.0,0.567
0.372,Please Don't Be Dead,album,Fantastic Negrito,0.528,2018-06-15,0.556,0.0,"['bay area indie', 'funk', 'modern blues']",0.0,0.0,Cooking Vinyl,244727.0,0.113,-5.315,0.0346,147.469,A Letter to Fear,3.0,0.438
0.00614,Please Don't Be Dead,album,Fantastic Negrito,0.582,2018-06-15,0.674,0.0,"['bay area indie', 'funk', 'modern blues']",2.52e-05,7.0,Cooking Vinyl,262637.0,0.131,-8.935,0.0619,86.804,A Boy Named Andrew,4.0,0.43
0.377,Please Don't Be Dead,album,Fantastic Negrito,0.639,2018-06-15,0.766,1.0,"['bay area indie', 'funk', 'modern blues']",1.13e-05,11.0,Cooking Vinyl,182776.0,0.913,-7.665,0.237,155.942,Transgender Biscuits,5.0,0.559
0.11,Please Don't Be Dead,album,Fantastic Negrito,0.464,2018-06-15,0.758,0.0,"['bay area indie', 'funk', 'modern blues']",2.39e-05,9.0,Cooking Vinyl,240869.0,0.132,-6.403,0.0873,139.88,The Suit That Won't Come Off,6.0,0.528
0.127,Please Don't Be Dead,album,Fantastic Negrito,0.354,2018-06-15,0.73,0.0,"['bay area indie', 'funk', 'modern blues']",0.0,5.0,Cooking Vinyl,231744.0,0.107,-7.436,0.0539,100.006,A Cold November Street,7.0,0.46
0.00456,Please Don't Be Dead,album,Fantastic Negrito,0.485,2018-06-15,0.716,0.0,"['bay area indie', 'funk', 'modern blues']",0.026,5.0,Cooking Vinyl,219454.0,0.214,-7.646,0.147,172.041,The Duffler,8.0,0.517
0.734,Please Don't Be Dead,album,Fantastic Negrito,0.506,2018-06-15,0.375,0.0,"['bay area indie', 'funk', 'modern blues']",0.00073,2.0,Cooking Vinyl,220666.0,0.0978,-10.824,0.0245,149.966,Dark Windows,9.0,0.186
0.23,Please Don't Be Dead,album,Fantastic Negrito,0.469,2018-06-15,0.601,0.0,"['bay area indie', 'funk', 'modern blues']",0.0,0.0,Cooking Vinyl,66884.0,0.151,-10.252,0.15,139.771,Never Give Up,10.0,0.16
0.114,Please Don't Be Dead,album,Fantastic Negrito,0.742,2018-06-15,0.763,1.0,"['bay area indie', 'funk', 'modern blues']",0.0,11.0,Cooking Vinyl,195013.0,0.319,-6.256,0.0828,100.108,Bullshit Anthem,11.0,0.821
0.624,Mi Sorpresa Fuiste Tú,single,Calibre 50,0.568,2018-06-15,0.435,0.0,"['banda', 'regional mexican']",0.0,0.0,"Disa, LLC",230306.0,0.114,-6.152,0.0303,159.881,Mi Sorpresa Fuiste Tú,1.0,0.612
0.115,Mal de la Cabeza,single,Mau y Ricky,0.647,2018-06-15,0.723,0.0,['latin pop'],0.0,10.0,Sony Music Latin,242973.0,0.0752,-5.728,0.135,170.002,Mal de la Cabeza,1.0,0.417
0.853,If Only,single,Andrea Bocelli,0.156,2018-06-15,0.26,0.0,"['classical tenor', 'italian pop', 'operatic pop']",0.00413,4.0,Decca (UMO) (Classics),219225.0,0.117,-11.558,0.0383,166.855,Qualcosa più dell'Oro - “If Only” Italian Version,2.0,0.0794
0.897,If Only,single,Andrea Bocelli,0.161,2018-06-15,0.223,0.0,"['classical tenor', 'italian pop', 'operatic pop']",0.00027,4.0,Decca (UMO) (Classics),219225.0,0.121,-11.644,0.0326,77.907,Tu Eres Mi Tesoro - “If Only” Spanish Version,3.0,0.0783
0.0188,Reason to Drink,single,Cole Swindell,0.491,2018-06-15,0.841,0.0,"['contemporary country', 'country', 'country road', 'modern country rock']",0.0,0.0,Warner Bros.,209794.0,0.15,-3.925,0.0351,131.86,Reason to Drink,1.0,0.572
0.0209,Born Ready,album,Steve Moakler,0.714,2018-06-15,0.655,0.0,"['acoustic pop', 'contemporary country', 'indiecoustica', 'lift kit', 'neo mellow', 'pop rock']",0.002,2.0,CN Records,218693.0,0.11,-6.451,0.0308,103.968,Born Ready,1.0,0.459
0.0459,Born Ready,album,Steve Moakler,0.582,2018-06-15,0.69,0.0,"['acoustic pop', 'contemporary country', 'indiecoustica', 'lift kit', 'neo mellow', 'pop rock']",0.0,3.0,CN Records,214226.0,0.112,-5.229,0.0313,151.969,Crazy Does,2.0,0.502
0.0706,Born Ready,album,Steve Moakler,0.699,2018-06-15,0.728,0.0,"['acoustic pop', 'contemporary country', 'indiecoustica', 'lift kit', 'neo mellow', 'pop rock']",9.21e-06,6.0,CN Records,187240.0,0.0796,-4.799,0.0419,166.069,Breaking New Ground,3.0,0.927
0.0426,Born Ready,album,Steve Moakler,0.655,2018-06-15,0.635,0.0,"['acoustic pop', 'contemporary country', 'indiecoustica', 'lift kit', 'neo mellow', 'pop rock']",8.08e-05,6.0,CN Records,166626.0,0.122,-4.783,0.0337,150.044,One of the Boys,4.0,0.429
0.307,Born Ready,album,Steve Moakler,0.622,2018-06-15,0.49,0.0,"['acoustic pop', 'contemporary country', 'indiecoustica', 'lift kit', 'neo mellow', 'pop rock']",2.65e-05,2.0,CN Records,203773.0,0.326,-6.08,0.0395,189.901,Devices,5.0,0.506
0.0715,Born Ready,album,Steve Moakler,0.625,2018-06-15,0.813,0.0,"['acoustic pop', 'contemporary country', 'indiecoustica', 'lift kit', 'neo mellow', 'pop rock']",0.0,7.0,CN Records,200093.0,0.0851,-4.538,0.0496,171.076,Hard Not to Love It,6.0,0.87
0.228,Born Ready,album,Steve Moakler,0.583,2018-06-15,0.544,0.0,"['acoustic pop', 'contemporary country', 'indiecoustica', 'lift kit', 'neo mellow', 'pop rock']",6.25e-05,6.0,CN Records,217266.0,0.0965,-6.109,0.0319,154.084,Slow Down,7.0,0.421
0.43,Born Ready,album,Steve Moakler,0.613,2018-06-15,0.478,0.0,"['acoustic pop', 'contemporary country', 'indiecoustica', 'lift kit', 'neo mellow', 'pop rock']",0.000432,1.0,CN Records,221733.0,0.108,-9.411,0.0337,76.031,Thirty,8.0,0.304
0.0783,Born Ready,album,Steve Moakler,0.764,2018-06-15,0.744,0.0,"['acoustic pop', 'contemporary country', 'indiecoustica', 'lift kit', 'neo mellow', 'pop rock']",0.0,6.0,CN Records,264973.0,0.0707,-4.488,0.028,118.018,Nightlife,9.0,0.917
0.365,Born Ready,album,Steve Moakler,0.499,2018-06-15,0.509,0.0,"['acoustic pop', 'contemporary country', 'indiecoustica', 'lift kit', 'neo mellow', 'pop rock']",1.36e-05,11.0,CN Records,227480.0,0.0927,-6.936,0.0253,175.978,Chesney,10.0,0.344
0.245,Born Ready,album,Steve Moakler,0.735,2018-06-15,0.589,0.0,"['acoustic pop', 'contemporary country', 'indiecoustica', 'lift kit', 'neo mellow', 'pop rock']",0.111,3.0,CN Records,219600.0,0.166,-7.481,0.0271,110.007,One More Troubadour,11.0,0.506
0.367,Born Ready,album,Steve Moakler,0.678,2018-06-15,0.591,0.0,"['acoustic pop', 'contemporary country', 'indiecoustica', 'lift kit', 'neo mellow', 'pop rock']",0.00276,11.0,CN Records,221800.0,0.101,-7.344,0.0418,77.001,The Last Word,12.0,0.337
0.0868,Crush,single,Cigarettes After Sex,0.4,2018-06-09,0.504,1.0,[],0.779,5.0,PTKF,266666.0,0.11,-8.574,0.0252,97.525,Crush,1.0,0.285
0.0204,Bon Voyage,album,Melody's Echo Chamber,0.617,2018-06-15,0.792,0.0,"['chillwave', 'freak folk', 'indie garage rock', 'indie pop', 'indietronica', 'neo-psychedelic', 'noise pop', 'nu gaze', 'shiver pop']",0.00507,7.0,Fat Possum,415106.0,0.0939,-7.24,0.0318,108.994,Cross My Heart,1.0,0.568
0.0633,Bon Voyage,album,Melody's Echo Chamber,0.635,2018-06-15,0.493,0.0,"['chillwave', 'freak folk', 'indie garage rock', 'indie pop', 'indietronica', 'neo-psychedelic', 'noise pop', 'nu gaze', 'shiver pop']",0.00243,2.0,Fat Possum,170333.0,0.352,-8.571,0.0375,122.037,"Breathe in, Breathe Out",2.0,0.72
0.0544,Bon Voyage,album,Melody's Echo Chamber,0.514,2018-06-15,0.703,0.0,"['chillwave', 'freak folk', 'indie garage rock', 'indie pop', 'indietronica', 'neo-psychedelic', 'noise pop', 'nu gaze', 'shiver pop']",0.00295,11.0,Fat Possum,314626.0,0.676,-7.905,0.0497,78.914,Desert Horse,3.0,0.284
0.785,Bon Voyage,album,Melody's Echo Chamber,0.532,2018-06-15,0.409,0.0,"['chillwave', 'freak folk', 'indie garage rock', 'indie pop', 'indietronica', 'neo-psychedelic', 'noise pop', 'nu gaze', 'shiver pop']",0.136,2.0,Fat Possum,88106.0,0.0958,-12.523,0.0503,145.616,Var Har Du Vart?,4.0,0.252
0.0047,Bon Voyage,album,Melody's Echo Chamber,0.284,2018-06-15,0.652,0.0,"['chillwave', 'freak folk', 'indie garage rock', 'indie pop', 'indietronica', 'neo-psychedelic', 'noise pop', 'nu gaze', 'shiver pop']",0.382,2.0,Fat Possum,427053.0,0.118,-6.945,0.0319,99.233,Quand Les Larmes D'un Ange Font Danser La Neige,5.0,0.376
0.193,Bon Voyage,album,Melody's Echo Chamber,0.357,2018-06-15,0.398,0.0,"['chillwave', 'freak folk', 'indie garage rock', 'indie pop', 'indietronica', 'neo-psychedelic', 'noise pop', 'nu gaze', 'shiver pop']",0.328,0.0,Fat Possum,295346.0,0.132,-11.248,0.0307,90.683,"Visions of Someone Special, On a Wall of Reflections",6.0,0.391
0.0462,Bon Voyage,album,Melody's Echo Chamber,0.648,2018-06-15,0.71,0.0,"['chillwave', 'freak folk', 'indie garage rock', 'indie pop', 'indietronica', 'neo-psychedelic', 'noise pop', 'nu gaze', 'shiver pop']",0.445,0.0,Fat Possum,286680.0,0.254,-10.992,0.0607,101.163,Shirim,7.0,0.528
0.00814,Waiting,single,Yellow Claw,0.501,2018-06-15,0.647,0.0,"['brostep', 'edm', 'electro house', 'electronic trap', 'pop']",3.69e-05,6.0,Barong Family,174431.0,0.0936,-5.701,0.0329,80.029,Waiting,1.0,0.119
0.509,4275,album,Jacquees,0.435,2018-06-15,0.369,0.0,"['dance pop', 'deep pop r&b', 'indie r&b', 'pop', 'pop rap', 'r&b', 'rap', 'southern hip hop', 'trap music', 'urban contemporary']",0.000124,3.0,Republic Records,96973.0,0.226,-10.838,0.0433,120.523,Rodriquez Jacquees Broadnax (Intro),1.0,0.229
0.307,4275,album,Jacquees,0.651,2018-06-15,0.586,1.0,"['dance pop', 'deep pop r&b', 'indie r&b', 'pop', 'pop rap', 'r&b', 'rap', 'southern hip hop', 'trap music', 'urban contemporary']",0.0,8.0,Republic Records,240173.0,0.14,-7.312,0.0658,127.808,4275 feat. Birdman,2.0,0.438
0.043,4275,album,Jacquees,0.745,2018-06-15,0.631,1.0,"['dance pop', 'deep pop r&b', 'indie r&b', 'pop', 'pop rap', 'r&b', 'rap', 'southern hip hop', 'trap music', 'urban contemporary']",0.0,5.0,Republic Records,174253.0,0.114,-5.807,0.187,135.095,I Know Better,3.0,0.572
0.0596,4275,album,Jacquees,0.66,2018-06-15,0.451,0.0,"['dance pop', 'deep pop r&b', 'indie r&b', 'pop', 'pop rap', 'r&b', 'rap', 'southern hip hop', 'trap music', 'urban contemporary']",0.0,6.0,Republic Records,273040.0,0.102,-5.059,0.048,100.959,23,4.0,0.392
0.252,4275,album,Jacquees,0.655,2018-06-15,0.446,1.0,"['dance pop', 'deep pop r&b', 'indie r&b', 'pop', 'pop rap', 'r&b', 'rap', 'southern hip hop', 'trap music', 'urban contemporary']",0.0,6.0,Republic Records,261920.0,0.0839,-8.195,0.0695,125.679,Studio feat. Young Thug,6.0,0.404
0.185,4275,album,Jacquees,0.755,2018-06-15,0.492,0.0,"['dance pop', 'deep pop r&b', 'indie r&b', 'pop', 'pop rap', 'r&b', 'rap', 'southern hip hop', 'trap music', 'urban contemporary']",0.0,10.0,Republic Records,238186.0,0.0923,-6.854,0.167,127.959,Beauty Doesn’t Cry,7.0,0.334
0.0754,4275,album,Jacquees,0.689,2018-06-15,0.442,1.0,"['dance pop', 'deep pop r&b', 'indie r&b', 'pop', 'pop rap', 'r&b', 'rap', 'southern hip hop', 'trap music', 'urban contemporary']",0.0,5.0,Republic Records,192213.0,0.132,-7.784,0.0683,119.966,No Validation,8.0,0.409
0.0164,4275,album,Jacquees,0.707,2018-06-15,0.577,1.0,"['dance pop', 'deep pop r&b', 'indie r&b', 'pop', 'pop rap', 'r&b', 'rap', 'southern hip hop', 'trap music', 'urban contemporary']",0.0,11.0,Republic Records,248466.0,0.237,-5.838,0.0554,125.999,Inside feat. Trey Songz,9.0,0.51
0.144,4275,album,Jacquees,0.519,2018-06-15,0.467,1.0,"['dance pop', 'deep pop r&b', 'indie r&b', 'pop', 'pop rap', 'r&b', 'rap', 'southern hip hop', 'trap music', 'urban contemporary']",0.0,11.0,Republic Records,286293.0,0.116,-3.722,0.281,143.687,London,10.0,0.146
0.74,4275,album,Jacquees,0.486,2018-06-15,0.383,1.0,"['dance pop', 'deep pop r&b', 'indie r&b', 'pop', 'pop rap', 'r&b', 'rap', 'southern hip hop', 'trap music', 'urban contemporary']",0.0,1.0,Republic Records,181026.0,0.0982,-10.111,0.145,74.45,All About Us,11.0,0.791
0.00797,4275,album,Jacquees,0.843,2018-06-15,0.46,1.0,"['dance pop', 'deep pop r&b', 'indie r&b', 'pop', 'pop rap', 'r&b', 'rap', 'southern hip hop', 'trap music', 'urban contemporary']",0.0,6.0,Republic Records,201440.0,0.0955,-7.923,0.123,97.034,All My Life feat. Chris Brown,12.0,0.809
0.0595,4275,album,Jacquees,0.706,2018-06-15,0.444,1.0,"['dance pop', 'deep pop r&b', 'indie r&b', 'pop', 'pop rap', 'r&b', 'rap', 'southern hip hop', 'trap music', 'urban contemporary']",0.0,8.0,Republic Records,217666.0,0.0959,-5.462,0.0442,123.833,House Or Hotel,13.0,0.274
0.0238,4275,album,Jacquees,0.488,2018-06-15,0.491,1.0,"['dance pop', 'deep pop r&b', 'indie r&b', 'pop', 'pop rap', 'r&b', 'rap', 'southern hip hop', 'trap music', 'urban contemporary']",0.0,5.0,Republic Records,173826.0,0.14,-6.482,0.108,86.319,Play The Field,14.0,0.581
0.135,4275,album,Jacquees,0.453,2018-06-15,0.62,1.0,"['dance pop', 'deep pop r&b', 'indie r&b', 'pop', 'pop rap', 'r&b', 'rap', 'southern hip hop', 'trap music', 'urban contemporary']",0.0,1.0,Republic Records,244280.0,0.367,-5.88,0.127,130.187,Infatuated feat. LaTocha Scott,15.0,0.652
0.0974,4275,album,Jacquees,0.426,2018-06-15,0.676,1.0,"['dance pop', 'deep pop r&b', 'indie r&b', 'pop', 'pop rap', 'r&b', 'rap', 'southern hip hop', 'trap music', 'urban contemporary']",0.0,4.0,Republic Records,161586.0,0.161,-7.733,0.267,159.212,Whateva You Into,16.0,0.792
0.0473,4275,album,Jacquees,0.62,2018-06-15,0.558,1.0,"['dance pop', 'deep pop r&b', 'indie r&b', 'pop', 'pop rap', 'r&b', 'rap', 'southern hip hop', 'trap music', 'urban contemporary']",0.0,9.0,Republic Records,233906.0,0.095,-5.579,0.172,140.139,Red Light feat. DeJ Loaf,17.0,0.329
0.319,4275,album,Jacquees,0.737,2018-06-15,0.543,1.0,"['dance pop', 'deep pop r&b', 'indie r&b', 'pop', 'pop rap', 'r&b', 'rap', 'southern hip hop', 'trap music', 'urban contemporary']",0.0,5.0,Republic Records,195533.0,0.146,-7.716,0.0822,129.904,Special feat. Jagged Edge,18.0,0.663
0.531,Woop Woop,single,Kid Ink,0.822,2018-06-15,0.672,1.0,"['dance pop', 'hip hop', 'pop', 'pop rap', 'r&b', 'rap', 'southern hip hop', 'trap music', 'urban contemporary']",0.0,6.0,Tha Alumni Music Group/88 Classic/RCA Records,214246.0,0.106,-4.233,0.0544,97.014,Woop Woop,1.0,0.694
0.035,Cash On It,single,O.T. Genasis,0.9,2018-06-15,0.751,1.0,"['dwn trap', 'gangster rap', 'pop rap', 'rap', 'southern hip hop', 'trap music']",0.404,0.0,The Conglomerate Entertainment/Atlantc Records,190119.0,0.0985,-3.653,0.113,146.032,Cash On It,1.0,0.504
0.0053,Plugged In,single,Lecrae,0.791,2018-06-15,0.646,0.0,"['ccm', 'christian alternative rock', 'christian hip hop', 'christian music', 'christian rock', 'worship']",0.0,1.0,Reach Records,191987.0,0.0861,-6.75,0.121,159.898,Plugged In,1.0,0.404
0.00909,Plugged In,single,Lecrae,0.794,2018-06-15,0.605,0.0,"['ccm', 'christian alternative rock', 'christian hip hop', 'christian music', 'christian rock', 'worship']",0.0,9.0,Reach Records,185946.0,0.132,-6.445,0.185,139.987,Get Back Right,2.0,0.262
0.603,SOLAR,album,nobigdyl.,0.747,2018-06-15,0.521,0.0,"['christian hip hop', 'christian trap']",0.0,9.0,Capitol CMG Label Group,156493.0,0.257,-10.636,0.217,139.991,anime,1.0,0.42
0.0137,SOLAR,album,nobigdyl.,0.738,2018-06-15,0.779,0.0,"['christian hip hop', 'christian trap']",0.0,5.0,Capitol CMG Label Group,209666.0,0.152,-5.561,0.466,72.448,block me back,2.0,0.64
0.0852,SOLAR,album,nobigdyl.,0.755,2018-06-15,0.704,0.0,"['christian hip hop', 'christian trap']",0.0,8.0,Capitol CMG Label Group,183693.0,0.288,-6.083,0.0924,148.031,bad motives,3.0,0.885
0.279,SOLAR,album,nobigdyl.,0.692,2018-06-15,0.319,0.0,"['christian hip hop', 'christian trap']",0.0,11.0,Capitol CMG Label Group,210880.0,0.157,-7.568,0.0315,84.949,cordial,4.0,0.613
0.104,SOLAR,album,nobigdyl.,0.738,2018-06-15,0.645,0.0,"['christian hip hop', 'christian trap']",0.0,1.0,Capitol CMG Label Group,151280.0,0.0817,-4.693,0.44,78.125,twenty eighteen.,5.0,0.825
0.00824,SOLAR,album,nobigdyl.,0.83,2018-06-15,0.734,0.0,"['christian hip hop', 'christian trap']",0.0,0.0,Capitol CMG Label Group,223373.0,0.1,-7.043,0.157,139.968,pressure,6.0,0.291
0.125,SOLAR,album,nobigdyl.,0.837,2018-06-15,0.646,0.0,"['christian hip hop', 'christian trap']",1.4e-06,0.0,Capitol CMG Label Group,164493.0,0.147,-6.373,0.0936,130.003,be a man,7.0,0.674
0.00109,SOLAR,album,nobigdyl.,0.718,2018-06-15,0.554,0.0,"['christian hip hop', 'christian trap']",0.0351,0.0,Capitol CMG Label Group,193760.0,0.211,-4.988,0.0413,141.981,psycho heart!,8.0,0.193
0.376,SOLAR,album,nobigdyl.,0.737,2018-06-15,0.577,0.0,"['christian hip hop', 'christian trap']",0.0,9.0,Capitol CMG Label Group,178626.0,0.368,-10.301,0.188,119.97,shadow,9.0,0.241
0.071,SOLAR,album,nobigdyl.,0.763,2018-06-15,0.625,0.0,"['christian hip hop', 'christian trap']",0.0,11.0,Capitol CMG Label Group,175280.0,0.129,-9.142,0.179,91.53,close,10.0,0.18
0.0193,SOLAR,album,nobigdyl.,0.766,2018-06-15,0.726,0.0,"['christian hip hop', 'christian trap']",0.0,1.0,Capitol CMG Label Group,273400.0,0.115,-6.559,0.131,137.925,orion,11.0,0.522
0.00702,SOLAR,album,nobigdyl.,0.792,2018-06-15,0.737,0.0,"['christian hip hop', 'christian trap']",0.0,5.0,Capitol CMG Label Group,199853.0,0.315,-5.579,0.0608,159.947,enemies?,12.0,0.652
0.366,The Breakup Song,single,Francesca Battistelli,0.529,2018-06-15,0.521,0.0,"['ccm', 'christian alternative rock', 'christian music', 'christian rock', 'worship']",0.0,7.0,Word Records,204773.0,0.296,-5.277,0.0378,173.688,The Breakup Song,1.0,0.438
0.183,In For,single,Thoreau,0.636,2018-06-14,0.464,1.0,[],0.0,1.0,Thoreau,218160.0,0.173,-8.032,0.131,125.057,In For,1.0,0.511
0.203,Superlove (feat. Oh Wonder),single,Whethan,0.578,2018-06-15,0.491,0.0,"['edm', 'electronic trap', 'indie poptimism', 'pop', 'tropical house']",0.000378,11.0,Big Beat Records,184814.0,0.182,-8.544,0.21,98.273,Superlove (feat. Oh Wonder),1.0,0.64
0.315,Head Over Heels,album,Chromeo,0.8,2018-06-15,0.774,0.0,"['alternative dance', 'filter house', 'indietronica', 'new rave', 'nu disco']",0.0,11.0,Big Beat Records/Atlantic,208946.0,0.064,-3.379,0.0695,125.977,Must've Been (feat. DRAM),1.0,0.932
0.323,Head Over Heels,album,Chromeo,0.9,2018-06-15,0.726,1.0,"['alternative dance', 'filter house', 'indietronica', 'new rave', 'nu disco']",0.0,1.0,Big Beat Records/Atlantic,198893.0,0.0842,-5.041,0.0549,110.009,Don't Sleep (feat. French Montana & Stefflon Don),2.0,0.878
0.592,Head Over Heels,album,Chromeo,0.903,2018-06-15,0.621,0.0,"['alternative dance', 'filter house', 'indietronica', 'new rave', 'nu disco']",0.000311,2.0,Big Beat Records/Atlantic,203120.0,0.218,-5.788,0.227,105.019,One Track Mind,3.0,0.392
0.0705,Head Over Heels,album,Chromeo,0.875,2018-06-15,0.602,0.0,"['alternative dance', 'filter house', 'indietronica', 'new rave', 'nu disco']",0.0,0.0,Big Beat Records/Atlantic,216586.0,0.16,-5.877,0.0946,119.938,Count Me Out,4.0,0.898
0.123,Head Over Heels,album,Chromeo,0.829,2018-06-15,0.755,1.0,"['alternative dance', 'filter house', 'indietronica', 'new rave', 'nu disco']",0.0,11.0,Big Beat Records/Atlantic,186093.0,0.0753,-4.853,0.0565,100.016,Bad Decision,5.0,0.952
0.208,Head Over Heels,album,Chromeo,0.941,2018-06-15,0.728,0.0,"['alternative dance', 'filter house', 'indietronica', 'new rave', 'nu disco']",0.000744,0.0,Big Beat Records/Atlantic,163600.0,0.0933,-5.042,0.13,107.026,Right Back Home To You - Interlude,6.0,0.927
0.0891,Head Over Heels,album,Chromeo,0.846,2018-06-15,0.842,0.0,"['alternative dance', 'filter house', 'indietronica', 'new rave', 'nu disco']",2.81e-05,8.0,Big Beat Records/Atlantic,229920.0,0.106,-3.669,0.0742,118.03,Just Friends (feat. Amber Mark),7.0,0.576
0.138,Head Over Heels,album,Chromeo,0.875,2018-06-15,0.647,0.0,"['alternative dance', 'filter house', 'indietronica', 'new rave', 'nu disco']",0.00237,5.0,Big Beat Records/Atlantic,270853.0,0.172,-4.808,0.0357,109.985,Slumming It,9.0,0.903
0.0412,Head Over Heels,album,Chromeo,0.681,2018-06-15,0.61,0.0,"['alternative dance', 'filter house', 'indietronica', 'new rave', 'nu disco']",0.000332,8.0,Big Beat Records/Atlantic,194800.0,0.156,-7.559,0.0876,170.072,Bedroom Calling pt. 1,10.0,0.22
0.17,Head Over Heels,album,Chromeo,0.792,2018-06-15,0.85,0.0,"['alternative dance', 'filter house', 'indietronica', 'new rave', 'nu disco']",0.0,8.0,Big Beat Records/Atlantic,204666.0,0.22,-2.232,0.0375,119.989,Bedroom Calling pt. 2 (feat. The-Dream),11.0,0.884
0.0608,Head Over Heels,album,Chromeo,0.784,2018-06-15,0.854,0.0,"['alternative dance', 'filter house', 'indietronica', 'new rave', 'nu disco']",0.00365,0.0,Big Beat Records/Atlantic,317333.0,0.248,-3.4,0.0384,124.023,Room Service,12.0,0.596
0.00281,I'm a Mess,single,Bebe Rexha,0.63,2018-06-15,0.694,0.0,"['dance pop', 'edm', 'pop', 'post-teen pop']",0.0,11.0,Warner Bros.,195519.0,0.0719,-6.257,0.0253,97.005,I'm a Mess,1.0,0.216
0.399,Unlonely,single,Jason Mraz,0.796,2018-06-14,0.666,0.0,"['acoustic pop', 'neo mellow', 'pop', 'pop rock', 'viral pop']",0.0,5.0,Atlantic Records,231272.0,0.238,-4.848,0.0409,97.986,Unlonely,1.0,0.753
0.00163,a modern tragedy vol. 1,single,grandson,0.504,2018-06-15,0.891,0.0,"['modern alternative rock', 'modern rock']",0.00199,6.0,Fueled By Ramen,214520.0,0.148,-5.632,0.137,153.988,Blood // Water,1.0,0.628
0.000261,a modern tragedy vol. 1,single,grandson,0.31,2018-06-15,0.932,0.0,"['modern alternative rock', 'modern rock']",3.71e-06,11.0,Fueled By Ramen,222560.0,0.349,-4.764,0.262,135.944,Stick Up,2.0,0.304
0.0123,a modern tragedy vol. 1,single,grandson,0.576,2018-06-15,0.782,0.0,"['modern alternative rock', 'modern rock']",0.00241,1.0,Fueled By Ramen,223893.0,0.467,-6.167,0.0346,87.971,Despicable,3.0,0.367
0.000615,a modern tragedy vol. 1,single,grandson,0.292,2018-06-15,0.81,1.0,"['modern alternative rock', 'modern rock']",0.000598,4.0,Fueled By Ramen,266240.0,0.3,-6.365,0.213,96.152,6:00,4.0,0.349
0.000157,Moodie,single,Yuno,0.58,2018-06-15,0.647,0.0,['gamecore'],0.00853,10.0,Sub Pop Records,221653.0,0.254,-5.722,0.0293,152.016,Amber,1.0,0.263
0.0114,Moodie,single,Yuno,0.714,2018-06-15,0.713,0.0,['gamecore'],0.0183,2.0,Sub Pop Records,208200.0,0.0608,-5.52,0.027,93.006,No Going Back,2.0,0.9
0.347,Moodie,single,Yuno,0.518,2018-06-15,0.585,0.0,['gamecore'],0.908,8.0,Sub Pop Records,225973.0,0.111,-12.695,0.344,122.693,Fall In Love,3.0,0.487
4.87e-06,Moodie,single,Yuno,0.402,2018-06-15,0.801,0.0,['gamecore'],0.751,2.0,Sub Pop Records,272480.0,0.0922,-5.996,0.0317,138.093,Why For,4.0,0.0747
9.06e-05,Moodie,single,Yuno,0.405,2018-06-15,0.808,0.0,['gamecore'],0.0329,7.0,Sub Pop Records,348480.0,0.309,-5.775,0.0326,171.953,So Slow,5.0,0.47
0.0112,Moodie,single,Yuno,0.409,2018-06-15,0.625,0.0,['gamecore'],0.00108,2.0,Sub Pop Records,246160.0,0.103,-7.067,0.0368,179.991,Galapagos,6.0,0.275
0.201,Shadowboxing,album,Skin & Bones,0.461,2018-06-15,0.708,0.0,['deep new americana'],0.00127,4.0,Old Horse Records,206693.0,0.295,-6.037,0.0396,152.113,Northern Lights,1.0,0.629
0.179,Shadowboxing,album,Skin & Bones,0.584,2018-06-15,0.76,0.0,['deep new americana'],4.34e-05,11.0,Old Horse Records,191413.0,0.104,-4.425,0.0567,131.952,Wrap Me Up,2.0,0.694
0.593,Shadowboxing,album,Skin & Bones,0.494,2018-06-15,0.468,0.0,['deep new americana'],1.23e-05,7.0,Old Horse Records,235640.0,0.288,-7.22,0.0335,137.714,Disappear,4.0,0.486
0.8,Shadowboxing,album,Skin & Bones,0.332,2018-06-15,0.335,0.0,['deep new americana'],0.0,7.0,Old Horse Records,257333.0,0.123,-8.162,0.0336,51.394,Sending Love from Mars,5.0,0.286
0.843,Shadowboxing,album,Skin & Bones,0.408,2018-06-15,0.208,0.0,['deep new americana'],0.000173,9.0,Old Horse Records,195653.0,0.125,-8.818,0.0321,155.713,"Being Gone, Getting Grown, & Coming Home",6.0,0.387
0.417,Shadowboxing,album,Skin & Bones,0.538,2018-06-15,0.536,0.0,['deep new americana'],0.0397,7.0,Old Horse Records,224560.0,0.0784,-6.999,0.032,76.131,Just a Man,7.0,0.59
0.0604,Shadowboxing,album,Skin & Bones,0.435,2018-06-15,0.472,0.0,['deep new americana'],0.0139,9.0,Old Horse Records,284866.0,0.169,-7.993,0.0282,144.137,Lowdown,8.0,0.514
0.297,Shadowboxing,album,Skin & Bones,0.428,2018-06-15,0.521,0.0,['deep new americana'],0.0001,7.0,Old Horse Records,239986.0,0.0916,-7.213,0.0302,79.98,Wildfire,9.0,0.467
0.114,Shadowboxing,album,Skin & Bones,0.471,2018-06-15,0.757,0.0,['deep new americana'],0.016,2.0,Old Horse Records,224840.0,0.27,-7.215,0.0912,155.614,Tell Me Why,10.0,0.84
0.879,Shadowboxing,album,Skin & Bones,0.473,2018-06-15,0.389,0.0,['deep new americana'],1.43e-05,7.0,Old Horse Records,284533.0,0.207,-9.44,0.0315,79.535,Lone Pine,11.0,0.33
0.126,Diamonds,single,Sarah Darling,0.566,2018-06-15,0.672,0.0,"['contemporary country', 'country dawn', 'modern country rock']",0.0,8.0,Be Darling Records,192230.0,0.225,-5.054,0.034,77.983,Diamonds,1.0,0.435
0.894,One Day (When We All Get To Heaven) [Radio Version],single,Matt Redman,0.486,2018-06-15,0.238,0.0,"['anthem worship', 'ccm', 'christian alternative rock', 'christian music', 'christian rock', 'world worship', 'worship']",0.0,0.0,Capitol Christian Music Group,230026.0,0.093,-8.182,0.0301,80.157,One Day (When We All Get To Heaven) - Radio Version,1.0,0.336
0.381,The Best of Fred Hammond,album,Fred Hammond,0.493,2018-06-15,0.981,0.0,['gospel'],0.0,10.0,RCA Inspiration,306680.0,0.832,-0.524,0.313,184.003,I'm Grateful,1.0,0.521
0.00678,The Best of Fred Hammond,album,Fred Hammond,0.494,2018-06-15,0.981,0.0,['gospel'],0.0,5.0,RCA Inspiration,332106.0,0.352,-2.81,0.17,89.616,We're Blessed/Shout Unto God (Live),2.0,0.782
0.216,The Best of Fred Hammond,album,Fred Hammond,0.64,2018-06-15,0.943,0.0,['gospel'],0.0,0.0,RCA Inspiration,291093.0,0.372,-3.1,0.0542,113.118,When The Spirit Of The Lord,3.0,0.555
0.68,The Best of Fred Hammond,album,Fred Hammond,0.466,2018-06-15,0.584,0.0,['gospel'],0.0,8.0,RCA Inspiration,303106.0,0.0936,-5.515,0.0327,104.776,No Weapon,4.0,0.154
0.113,The Best of Fred Hammond,album,Fred Hammond,0.529,2018-06-15,0.956,0.0,['gospel'],0.0,0.0,RCA Inspiration,293253.0,0.921,-3.834,0.177,179.965,Glory to Glory To Glory,5.0,0.776
0.414,The Best of Fred Hammond,album,Fred Hammond,0.426,2018-06-15,0.866,0.0,['gospel'],0.0,0.0,RCA Inspiration,325133.0,0.353,-3.253,0.0743,114.693,You Are The Living Word (Live),6.0,0.341
0.0325,The Best of Fred Hammond,album,Fred Hammond,0.643,2018-06-15,0.97,0.0,['gospel'],3.78e-06,0.0,RCA Inspiration,290346.0,0.959,-2.242,0.105,105.964,This Is The Day,7.0,0.371
0.343,The Best of Fred Hammond,album,Fred Hammond,0.597,2018-06-15,0.95,0.0,['gospel'],2.54e-05,1.0,RCA Inspiration,323320.0,0.0787,-0.751,0.327,166.533,Let the Praise Begin,8.0,0.571
0.108,The Best of Fred Hammond,album,Fred Hammond,0.544,2018-06-15,0.936,0.0,['gospel'],0.0,1.0,RCA Inspiration,446453.0,0.948,-1.88,0.286,129.417,Jesus Be a Fence Around Me (Live),9.0,0.473
0.00238,The Best of Fred Hammond,album,Fred Hammond,0.313,2018-06-15,0.802,0.0,['gospel'],0.000275,1.0,RCA Inspiration,465826.0,0.231,-3.888,0.0507,103.527,Your Steps Are Ordered (Live),10.0,0.331
0.114,The Best of Fred Hammond,album,Fred Hammond,0.213,2018-06-15,0.707,0.0,['gospel'],5.1e-06,7.0,RCA Inspiration,432533.0,0.118,-2.531,0.0386,154.98,Saturate,11.0,0.212
0.764,The Best of Fred Hammond,album,Fred Hammond,0.285,2018-06-15,0.374,0.0,['gospel'],6.27e-06,4.0,RCA Inspiration,570226.0,0.113,-6.604,0.0298,115.002,What a Friend We Have in Jesus,12.0,0.0899
0.096,Que Me Duela,single,Gloria Trevi,0.717,2018-06-15,0.814,0.0,"['latin', 'latin arena pop', 'latin pop', 'mexican pop']",0.000217,11.0,Universal Music Latino,202320.0,0.0631,-5.744,0.0665,93.021,Que Me Duela,1.0,0.535
0.499,Curiosidad,single,Yandel,0.903,2018-06-15,0.66,0.0,"['latin', 'latin hip hop', 'pop', 'reggaeton', 'tropical']",0.0,10.0,Hear This Music,256615.0,0.125,-5.788,0.116,129.958,Curiosidad,1.0,0.517
0.0972,PH,album,Phresher,0.819,2018-06-15,0.721,1.0,[],0.0,9.0,DGYGZ / Broken Boundaries Inc / EMPIRE,210482.0,0.0818,-6.26,0.221,139.941,Like Dis (Remix) (feat. Busta Rhymes),1.0,0.205
0.319,PH,album,Phresher,0.699,2018-06-15,0.783,1.0,[],0.0,0.0,DGYGZ / Broken Boundaries Inc / EMPIRE,146041.0,0.0727,-6.04,0.207,115.03,Keep It Up,2.0,0.717
0.282,PH,album,Phresher,0.832,2018-06-15,0.651,1.0,[],0.0,8.0,DGYGZ / Broken Boundaries Inc / EMPIRE,222492.0,0.0801,-6.696,0.143,123.975,My Turn,3.0,0.509
0.357,PH,album,Phresher,0.756,2018-06-15,0.618,1.0,[],0.0,2.0,DGYGZ / Broken Boundaries Inc / EMPIRE,237972.0,0.188,-4.844,0.145,123.993,100K (feat. Dream Doll & Jay Critch),4.0,0.395
0.0131,PH,album,Phresher,0.722,2018-06-15,0.703,1.0,[],0.0,1.0,DGYGZ / Broken Boundaries Inc / EMPIRE,233820.0,0.303,-5.089,0.0586,88.446,Beastmode (feat. Joey Badass & Fetty),5.0,0.409
0.278,PH,album,Phresher,0.533,2018-06-15,0.805,1.0,[],0.0,8.0,DGYGZ / Broken Boundaries Inc / EMPIRE,215844.0,0.175,-5.839,0.12,115.058,All My Life,6.0,0.82
0.363,PH,album,Phresher,0.374,2018-06-15,0.737,1.0,[],0.0,7.0,DGYGZ / Broken Boundaries Inc / EMPIRE,294444.0,0.389,-5.152,0.203,100.969,Teamwork (feat. Derez Deshon & Philthy Rich),7.0,0.312
0.2,PH,album,Phresher,0.686,2018-06-15,0.596,1.0,[],5.18e-05,7.0,DGYGZ / Broken Boundaries Inc / EMPIRE,208620.0,0.457,-6.994,0.0674,130.028,You Do,8.0,0.265
0.0646,PH,album,Phresher,0.676,2018-06-15,0.852,1.0,[],0.0,0.0,DGYGZ / Broken Boundaries Inc / EMPIRE,163356.0,0.0814,-6.171,0.125,139.933,PH Balance,9.0,0.33
0.403,PH,album,Phresher,0.545,2018-06-15,0.698,1.0,[],0.0,0.0,DGYGZ / Broken Boundaries Inc / EMPIRE,223068.0,0.232,-5.159,0.161,144.884,Right Now (feat. Cardi B),10.0,0.279
0.371,PH,album,Phresher,0.754,2018-06-15,0.709,1.0,[],0.0,0.0,DGYGZ / Broken Boundaries Inc / EMPIRE,170100.0,0.3,-6.06,0.146,160.038,Papi Chulo,11.0,0.812
0.206,PH,album,Phresher,0.756,2018-06-15,0.723,1.0,[],0.0,11.0,DGYGZ / Broken Boundaries Inc / EMPIRE,237492.0,0.142,-5.639,0.19,125.996,Big Lawn (feat. Fatboy Sse),12.0,0.343
0.0579,PH,album,Phresher,0.676,2018-06-15,0.719,1.0,[],0.0,1.0,DGYGZ / Broken Boundaries Inc / EMPIRE,196812.0,0.0791,-5.087,0.0377,129.957,Grindin,13.0,0.589
0.00993,PH,album,Phresher,0.733,2018-06-15,0.645,1.0,[],0.0,9.0,DGYGZ / Broken Boundaries Inc / EMPIRE,185484.0,0.109,-6.652,0.0456,77.011,Radio,14.0,0.356
0.224,PH,album,Phresher,0.562,2018-06-15,0.573,1.0,[],0.0,11.0,DGYGZ / Broken Boundaries Inc / EMPIRE,180409.0,0.109,-6.717,0.083,150.275,Too Dumb,15.0,0.377
0.243,PH,album,Phresher,0.509,2018-06-15,0.633,1.0,[],0.0,8.0,DGYGZ / Broken Boundaries Inc / EMPIRE,175188.0,0.171,-7.694,0.0665,146.809,We On (Outro),16.0,0.0862
0.0361,Where Them $ @,single,Dreezy,0.908,2018-06-12,0.525,1.0,"['deep pop r&b', 'drill', 'r&b', 'trap music']",0.00893,4.0,AOE Music Group,193574.0,0.175,-7.343,0.0997,85.505,Where Them $ @,1.0,0.34
8.62e-05,Sunnyland,album,Mayday Parade,0.534,2018-06-15,0.987,0.0,"['emo', 'modern rock', 'pop emo', 'pop punk', 'pop rock', 'screamo']",0.000253,11.0,Rise Records,234495.0,0.262,-3.544,0.0728,128.973,Never Sure,1.0,0.561
0.000437,Sunnyland,album,Mayday Parade,0.51,2018-06-15,0.984,0.0,"['emo', 'modern rock', 'pop emo', 'pop punk', 'pop rock', 'screamo']",0.0,1.0,Rise Records,202194.0,0.341,-4.268,0.0866,115.003,It's Hard To Be Religious When Certain People Are Never Incinerated By Bolts Of Lightning,2.0,0.282
0.0453,Sunnyland,album,Mayday Parade,0.576,2018-06-15,0.772,0.0,"['emo', 'modern rock', 'pop emo', 'pop punk', 'pop rock', 'screamo']",0.0,9.0,Rise Records,219723.0,0.0608,-4.902,0.0259,97.007,Piece Of Your Heart,3.0,0.494
0.000102,Sunnyland,album,Mayday Parade,0.506,2018-06-15,0.946,0.0,"['emo', 'modern rock', 'pop emo', 'pop punk', 'pop rock', 'screamo']",0.000117,3.0,Rise Records,231360.0,0.124,-5.041,0.0549,135.963,Is Nowhere,4.0,0.435
0.461,Sunnyland,album,Mayday Parade,0.444,2018-06-15,0.448,0.0,"['emo', 'modern rock', 'pop emo', 'pop punk', 'pop rock', 'screamo']",4.71e-06,1.0,Rise Records,234912.0,0.108,-8.325,0.0301,149.634,Take My Breath Away,5.0,0.382
0.000891,Sunnyland,album,Mayday Parade,0.544,2018-06-15,0.871,0.0,"['emo', 'modern rock', 'pop emo', 'pop punk', 'pop rock', 'screamo']",0.0,4.0,Rise Records,200573.0,0.141,-4.929,0.0317,119.953,Stay The Same,6.0,0.349
0.000161,Sunnyland,album,Mayday Parade,0.513,2018-06-15,0.963,0.0,"['emo', 'modern rock', 'pop emo', 'pop punk', 'pop rock', 'screamo']",0.000383,11.0,Rise Records,208563.0,0.0479,-4.721,0.0794,95.995,How Do You Like Me Now,7.0,0.555
0.612,Sunnyland,album,Mayday Parade,0.304,2018-06-15,0.443,0.0,"['emo', 'modern rock', 'pop emo', 'pop punk', 'pop rock', 'screamo']",0.0,8.0,Rise Records,228319.0,0.074,-7.291,0.0342,113.565,Where You Are,8.0,0.243
0.000106,Sunnyland,album,Mayday Parade,0.479,2018-06-15,0.958,0.0,"['emo', 'modern rock', 'pop emo', 'pop punk', 'pop rock', 'screamo']",0.000255,1.0,Rise Records,246420.0,0.335,-3.62,0.0692,148.956,If I Were You,9.0,0.664
0.0104,Sunnyland,album,Mayday Parade,0.514,2018-06-15,0.905,0.0,"['emo', 'modern rock', 'pop emo', 'pop punk', 'pop rock', 'screamo']",0.0,0.0,Rise Records,243351.0,0.0836,-5.153,0.0406,151.962,Satellite,10.0,0.439
0.000436,Sunnyland,album,Mayday Parade,0.523,2018-06-15,0.866,0.0,"['emo', 'modern rock', 'pop emo', 'pop punk', 'pop rock', 'screamo']",0.0,11.0,Rise Records,253743.0,0.342,-4.244,0.0309,108.029,"Looks Red, Tastes Blue",11.0,0.315
0.764,Sunnyland,album,Mayday Parade,0.591,2018-06-15,0.321,0.0,"['emo', 'modern rock', 'pop emo', 'pop punk', 'pop rock', 'screamo']",0.00361,2.0,Rise Records,221413.0,0.104,-12.122,0.0297,109.936,Always Leaving,12.0,0.567
0.528,Sunnyland,album,Mayday Parade,0.435,2018-06-15,0.403,0.0,"['emo', 'modern rock', 'pop emo', 'pop punk', 'pop rock', 'screamo']",0.0,7.0,Rise Records,233408.0,0.101,-7.585,0.0281,73.926,Sunnyland,13.0,0.24
0.947,Three Dots and a Dash,single,Punch Brothers,0.646,2018-06-14,0.282,0.0,"['bluegrass', 'chamber pop', 'folk-pop', 'indie folk', 'new americana', 'progressive bluegrass', 'stomp and holler']",0.829,9.0,Nonesuch,267453.0,0.0942,-11.921,0.0484,105.805,Three Dots and a Dash,1.0,0.541
0.817,A Perfect Miracle / I'm Your Man,single,Spiritualized,0.516,2018-06-12,0.331,0.0,"['alternative rock', 'art pop', 'art rock', 'britpop', 'chamber pop', 'dream pop', 'experimental rock', 'freak folk', 'indie pop', 'indie rock', 'lo-fi', 'modern rock', 'neo-psychedelic', 'new wave', 'noise pop', 'noise rock', 'nu gaze', 'post rock', 'shoegaze', 'slow core']",0.0157,11.0,Fat Possum,286009.0,0.119,-10.295,0.0286,110.943,A Perfect Miracle,1.0,0.41
0.478,A Perfect Miracle / I'm Your Man,single,Spiritualized,0.259,2018-06-12,0.357,0.0,"['alternative rock', 'art pop', 'art rock', 'britpop', 'chamber pop', 'dream pop', 'experimental rock', 'freak folk', 'indie pop', 'indie rock', 'lo-fi', 'modern rock', 'neo-psychedelic', 'new wave', 'noise pop', 'noise rock', 'nu gaze', 'post rock', 'shoegaze', 'slow core']",0.367,0.0,Fat Possum,268655.0,0.125,-7.63,0.0292,139.023,I'm Your Man,2.0,0.0849
0.0647,Typeless (DJ-Kicks),single,DJ Seinfeld,0.807,2018-06-14,0.906,0.0,"['bass music', 'deep house', 'float house', 'fluxwork', 'future garage', 'lo-fi house', 'outsider house', 'tech house']",0.718,11.0,!K7 Records,292648.0,0.0675,-8.155,0.129,129.0,Typeless - DJ-Kicks,1.0,0.72
0.151,Move Me,single,Mura Masa,0.763,2018-06-14,0.52,1.0,[],0.0134,1.0,Polydor Records,202586.0,0.0974,-8.53,0.0974,105.02,Move Me,1.0,0.521
0.837,Cloud Corner,album,Marisa Anderson,0.357,2018-06-15,0.399,0.0,"['drone folk', 'experimental psych', 'freak folk', 'new weird america']",0.857,2.0,Thrill Jockey,182803.0,0.132,-9.361,0.0302,83.317,Pulse,1.0,0.0394
0.255,Cloud Corner,album,Marisa Anderson,0.209,2018-06-15,0.243,0.0,"['drone folk', 'experimental psych', 'freak folk', 'new weird america']",0.935,7.0,Thrill Jockey,288219.0,0.113,-14.797,0.05,162.944,Slow Ascent,2.0,0.0554
0.991,Cloud Corner,album,Marisa Anderson,0.36,2018-06-15,0.0532,0.0,"['drone folk', 'experimental psych', 'freak folk', 'new weird america']",0.931,4.0,Thrill Jockey,182930.0,0.105,-10.357,0.06,172.936,Angel's Rest,3.0,0.385
0.188,Cloud Corner,album,Marisa Anderson,0.326,2018-06-15,0.458,0.0,"['drone folk', 'experimental psych', 'freak folk', 'new weird america']",0.853,4.0,Thrill Jockey,202011.0,0.181,-10.046,0.0315,141.898,Cloud Corner,4.0,0.111
0.976,Cloud Corner,album,Marisa Anderson,0.24,2018-06-15,0.147,0.0,"['drone folk', 'experimental psych', 'freak folk', 'new weird america']",0.0322,4.0,Thrill Jockey,197845.0,0.112,-14.2,0.0389,89.299,Sanctuary,5.0,0.0805
0.992,Cloud Corner,album,Marisa Anderson,0.578,2018-06-15,0.211,0.0,"['drone folk', 'experimental psych', 'freak folk', 'new weird america']",0.883,0.0,Thrill Jockey,172827.0,0.12,-12.916,0.0638,103.015,Sun Song,6.0,0.555
0.786,Cloud Corner,album,Marisa Anderson,0.238,2018-06-15,0.0558,0.0,"['drone folk', 'experimental psych', 'freak folk', 'new weird america']",0.37,9.0,Thrill Jockey,253604.0,0.111,-14.202,0.0549,77.354,Lament,7.0,0.0385
0.851,Cloud Corner,album,Marisa Anderson,0.387,2018-06-15,0.254,0.0,"['drone folk', 'experimental psych', 'freak folk', 'new weird america']",0.9,2.0,Thrill Jockey,233392.0,0.113,-11.544,0.033,102.021,Sant Feliu de Guíxols,8.0,0.0874
0.791,Cloud Corner,album,Marisa Anderson,0.351,2018-06-15,0.2,0.0,"['drone folk', 'experimental psych', 'freak folk', 'new weird america']",0.88,5.0,Thrill Jockey,179904.0,0.118,-13.463,0.0374,82.424,Surfacing,9.0,0.0371
0.942,Cloud Corner,album,Marisa Anderson,0.374,2018-06-15,0.102,0.0,"['drone folk', 'experimental psych', 'freak folk', 'new weird america']",0.901,0.0,Thrill Jockey,286270.0,0.11,-16.283,0.0395,82.646,Lift,10.0,0.0357
0.00119,Magic Gone,album,Petal,0.537,2018-06-15,0.861,0.0,"['alternative emo', 'indie punk']",0.00177,6.0,"Run For Cover Records, LLC",168897.0,0.0657,-4.726,0.0292,147.996,Better Than You,1.0,0.595
0.0188,Magic Gone,album,Petal,0.377,2018-06-15,0.567,0.0,"['alternative emo', 'indie punk']",0.00531,0.0,"Run For Cover Records, LLC",228671.0,0.0953,-6.485,0.0294,188.48,Tightrope,2.0,0.143
0.642,Magic Gone,album,Petal,0.255,2018-06-15,0.228,0.0,"['alternative emo', 'indie punk']",0.00352,5.0,"Run For Cover Records, LLC",292179.0,0.0735,-8.868,0.0307,151.783,I'm Sorry,3.0,0.0641
0.881,Magic Gone,album,Petal,0.59,2018-06-15,0.204,1.0,"['alternative emo', 'indie punk']",0.000188,4.0,"Run For Cover Records, LLC",196463.0,0.158,-10.236,0.0311,112.739,Comfort,4.0,0.0607
0.785,Magic Gone,album,Petal,0.582,2018-06-15,0.135,0.0,"['alternative emo', 'indie punk']",0.00177,5.0,"Run For Cover Records, LLC",266901.0,0.107,-11.479,0.0323,81.472,Shy,5.0,0.146
0.28,Magic Gone,album,Petal,0.486,2018-06-15,0.422,0.0,"['alternative emo', 'indie punk']",0.00422,3.0,"Run For Cover Records, LLC",261343.0,0.117,-8.418,0.0386,175.008,Magic Gone,6.0,0.149
0.335,Magic Gone,album,Petal,0.405,2018-06-15,0.45,0.0,"['alternative emo', 'indie punk']",0.00015,4.0,"Run For Cover Records, LLC",257434.0,0.115,-8.297,0.0316,123.956,Shine,7.0,0.0739
0.645,Magic Gone,album,Petal,0.636,2018-06-15,0.197,0.0,"['alternative emo', 'indie punk']",1.07e-05,0.0,"Run For Cover Records, LLC",153691.0,0.104,-10.466,0.027,78.979,Carve,8.0,0.15
0.908,Magic Gone,album,Petal,0.536,2018-06-15,0.197,1.0,"['alternative emo', 'indie punk']",0.000294,9.0,"Run For Cover Records, LLC",225749.0,0.112,-11.074,0.0278,103.347,Something From Me,9.0,0.103
0.175,Magic Gone,album,Petal,0.556,2018-06-15,0.351,1.0,"['alternative emo', 'indie punk']",0.182,9.0,"Run For Cover Records, LLC",234806.0,0.102,-8.739,0.0278,96.979,Stardust,10.0,0.157
0.412,Ma seconde chance,album,Mickaël Dos Santos,0.551,2018-06-15,0.761,0.0,[],0.0,7.0,SMART,217800.0,0.0885,-6.129,0.035,172.008,Prendre l'air,1.0,0.602
0.455,Ma seconde chance,album,Mickaël Dos Santos,0.715,2018-06-15,0.714,0.0,[],0.0,4.0,SMART,187613.0,0.172,-8.777,0.05,91.054,Ce qu'il nous faut,2.0,0.352
0.0114,Ma seconde chance,album,Mickaël Dos Santos,0.637,2018-06-15,0.829,0.0,[],0.0,2.0,SMART,204826.0,0.11,-6.768,0.0305,114.971,Chaque seconde (I'm Alive),3.0,0.295
0.0757,Ma seconde chance,album,Mickaël Dos Santos,0.398,2018-06-15,0.557,0.0,[],0.0,0.0,SMART,200080.0,0.123,-6.446,0.034,114.856,Seconde chance,4.0,0.451
0.163,Ma seconde chance,album,Mickaël Dos Santos,0.697,2018-06-15,0.699,0.0,[],6.12e-05,7.0,SMART,177733.0,0.0933,-7.212,0.0396,127.018,Souvenir de moi,5.0,0.621
0.846,Ma seconde chance,album,Mickaël Dos Santos,0.424,2018-06-15,0.248,0.0,[],0.0,0.0,SMART,218013.0,0.105,-9.441,0.0344,74.58,Au revoir,6.0,0.234
0.483,Ma seconde chance,album,Mickaël Dos Santos,0.621,2018-06-15,0.605,0.0,[],0.0,10.0,SMART,201893.0,0.106,-8.318,0.0454,82.029,I Need You Now,7.0,0.589
0.0922,Ma seconde chance,album,Mickaël Dos Santos,0.634,2018-06-15,0.711,0.0,[],0.00339,6.0,SMART,174106.0,0.225,-8.707,0.0507,117.916,Viver a vida,8.0,0.645
0.24,Ma seconde chance,album,Mickaël Dos Santos,0.609,2018-06-15,0.591,0.0,[],0.0,1.0,SMART,197666.0,0.251,-8.835,0.0388,90.015,Toute la vie,9.0,0.149
0.0671,Ma seconde chance,album,Mickaël Dos Santos,0.687,2018-06-15,0.752,0.0,[],1.58e-06,1.0,SMART,209533.0,0.0911,-8.196,0.0447,101.993,Rester vrai,10.0,0.376
0.599,Ma seconde chance,album,Mickaël Dos Santos,0.505,2018-06-15,0.431,0.0,[],0.0,8.0,SMART,195480.0,0.117,-8.661,0.0276,76.628,A Change Is Gonna Come,11.0,0.328
0.827,Ma seconde chance,album,Mickaël Dos Santos,0.586,2018-06-15,0.207,0.0,[],3.78e-06,1.0,SMART,263440.0,0.115,-10.135,0.0287,85.49,Unchained Melody,12.0,0.161
0.126,KIDS SEE GHOSTS,album,KIDS SEE GHOSTS,0.58,2018-06-08,0.469,1.0,"['hip hop', 'pop', 'rap']",7.32e-05,0.0,"Getting Out Our Dreams, Inc./Def Jam Recordings",165053.0,0.099,-5.946,0.104,110.573,Feel The Love,1.0,0.369
0.472,KIDS SEE GHOSTS,album,KIDS SEE GHOSTS,0.709,2018-06-08,0.751,1.0,"['hip hop', 'pop', 'rap']",4.71e-06,6.0,"Getting Out Our Dreams, Inc./Def Jam Recordings",140526.0,0.182,-3.801,0.16,104.999,Fire,2.0,0.37
0.278,KIDS SEE GHOSTS,album,KIDS SEE GHOSTS,0.765,2018-06-08,0.542,1.0,"['hip hop', 'pop', 'rap']",1.87e-05,1.0,"Getting Out Our Dreams, Inc./Def Jam Recordings",153351.0,0.609,-6.755,0.39,171.945,4th Dimension,3.0,0.734
0.00457,KIDS SEE GHOSTS,album,KIDS SEE GHOSTS,0.334,2018-06-08,0.81,1.0,"['hip hop', 'pop', 'rap']",0.0,9.0,"Getting Out Our Dreams, Inc./Def Jam Recordings",206605.0,0.158,-4.855,0.0632,151.643,Freeee (Ghost Town Pt. 2),4.0,0.306
0.339,KIDS SEE GHOSTS,album,KIDS SEE GHOSTS,0.585,2018-06-08,0.597,1.0,"['hip hop', 'pop', 'rap']",0.0404,0.0,"Getting Out Our Dreams, Inc./Def Jam Recordings",324674.0,0.195,-7.499,0.037,100.051,Reborn,5.0,0.227
0.113,KIDS SEE GHOSTS,album,KIDS SEE GHOSTS,0.841,2018-06-08,0.682,1.0,"['hip hop', 'pop', 'rap']",9.65e-05,2.0,"Getting Out Our Dreams, Inc./Def Jam Recordings",245098.0,0.131,-7.007,0.0458,94.985,Kids See Ghosts,6.0,0.338
0.401,KIDS SEE GHOSTS,album,KIDS SEE GHOSTS,0.729,2018-06-08,0.504,1.0,"['hip hop', 'pop', 'rap']",1.44e-06,8.0,"Getting Out Our Dreams, Inc./Def Jam Recordings",197000.0,0.121,-6.784,0.0321,110.011,Cudi Montage,7.0,0.305
0.0533,Rich Sex (feat. Lil Wayne),single,Nicki Minaj,0.876,2018-06-11,0.632,1.0,"['dance pop', 'hip pop', 'pop', 'pop rap']",0.0,9.0,Young Money/Cash Money Records,192453.0,0.0702,-5.171,0.251,146.984,Rich Sex (feat. Lil Wayne),1.0,0.551
0.971,Spotify Singles,single,CHVRCHES,0.564,2018-06-13,0.226,0.0,"['indietronica', 'metropopolis', 'neo-synthpop', 'pop', 'shimmer pop']",1.25e-05,3.0,Glassnote Entertainment Group LLC,225218.0,0.0699,-9.789,0.0307,159.714,Get Out - Recorded At Spotify Studios NYC,1.0,0.334
0.937,Spotify Singles,single,CHVRCHES,0.391,2018-06-13,0.211,0.0,"['indietronica', 'metropopolis', 'neo-synthpop', 'pop', 'shimmer pop']",0.01,9.0,Glassnote Entertainment Group LLC,244315.0,0.0798,-11.867,0.0349,111.601,Stay - Recorded At Spotify Studios NYC,2.0,0.218
0.517,Spotify Singles,single,Ray LaMontagne,0.55,2018-06-13,0.334,0.0,"['acoustic pop', 'folk-pop', 'indie folk', 'neo mellow', 'new americana', 'stomp and holler']",0.000169,10.0,RCA Records Label,307534.0,0.101,-10.73,0.0288,72.235,Such A Simple Thing - Recorded at Sound Stage Studios Nashville,1.0,0.143
0.223,Spotify Singles,single,Ray LaMontagne,0.68,2018-06-13,0.382,0.0,"['acoustic pop', 'folk-pop', 'indie folk', 'neo mellow', 'new americana', 'stomp and holler']",2.87e-06,3.0,RCA Records Label,136120.0,0.122,-11.088,0.0384,118.083,Blue Canadian Rockies - Recorded at Sound Stage Studios Nashville,2.0,0.554
0.635,GOOD MAN (Deluxe),album,Ne-Yo,0.684,2018-06-08,0.523,1.0,"['dance pop', 'pop', 'pop rap', 'r&b', 'urban contemporary']",0.0,0.0,Motown (Capitol),41000.0,0.48,-13.908,0.723,86.957,"""Caterpillars 1st” (INTRO)",1.0,0.869
0.486,GOOD MAN (Deluxe),album,Ne-Yo,0.71,2018-06-08,0.785,0.0,"['dance pop', 'pop', 'pop rap', 'r&b', 'urban contemporary']",1.18e-06,0.0,Motown (Capitol),230506.0,0.5,-5.46,0.144,119.979,1 MORE SHOT,2.0,0.737
0.139,GOOD MAN (Deluxe),album,Ne-Yo,0.738,2018-06-08,0.546,0.0,"['dance pop', 'pop', 'pop rap', 'r&b', 'urban contemporary']",0.0,6.0,Motown (Capitol),234840.0,0.192,-6.637,0.0416,100.014,LA NIGHTS,3.0,0.198
0.133,GOOD MAN (Deluxe),album,Ne-Yo,0.494,2018-06-08,0.729,0.0,"['dance pop', 'pop', 'pop rap', 'r&b', 'urban contemporary']",0.0,2.0,Motown (Capitol),204453.0,0.143,-4.934,0.161,78.833,NIGHTS LIKE THESE,4.0,0.421
0.0659,GOOD MAN (Deluxe),album,Ne-Yo,0.62,2018-06-08,0.513,0.0,"['dance pop', 'pop', 'pop rap', 'r&b', 'urban contemporary']",0.000364,5.0,Motown (Capitol),224973.0,0.107,-8.811,0.0599,97.373,U DESERVE,5.0,0.359
0.0278,GOOD MAN (Deluxe),album,Ne-Yo,0.632,2018-06-08,0.722,0.0,"['dance pop', 'pop', 'pop rap', 'r&b', 'urban contemporary']",0.117,9.0,Motown (Capitol),174933.0,0.0828,-6.917,0.0674,170.043,SUMMERTIME,6.0,0.551
0.178,GOOD MAN (Deluxe),album,Ne-Yo,0.774,2018-06-08,0.688,0.0,"['dance pop', 'pop', 'pop rap', 'r&b', 'urban contemporary']",4e-06,2.0,Motown (Capitol),221280.0,0.0701,-5.088,0.0459,107.011,PUSH BACK,7.0,0.745
0.195,GOOD MAN (Deluxe),album,Ne-Yo,0.369,2018-06-08,0.462,0.0,"['dance pop', 'pop', 'pop rap', 'r&b', 'urban contemporary']",6.63e-05,6.0,Motown (Capitol),243786.0,0.129,-8.302,0.143,180.218,BREATHE,8.0,0.336
0.00985,GOOD MAN (Deluxe),album,Ne-Yo,0.481,2018-06-08,0.591,1.0,"['dance pop', 'pop', 'pop rap', 'r&b', 'urban contemporary']",3.29e-06,2.0,Motown (Capitol),202253.0,0.136,-4.738,0.0682,116.903,ON UR MIND,9.0,0.41
0.0193,GOOD MAN (Deluxe),album,Ne-Yo,0.55,2018-06-08,0.618,0.0,"['dance pop', 'pop', 'pop rap', 'r&b', 'urban contemporary']",0.00274,0.0,Motown (Capitol),250533.0,0.122,-5.162,0.0632,125.098,BACK CHAPTERS,10.0,0.279
0.0803,GOOD MAN (Deluxe),album,Ne-Yo,0.604,2018-06-08,0.554,0.0,"['dance pop', 'pop', 'pop rap', 'r&b', 'urban contemporary']",3.13e-05,0.0,Motown (Capitol),255880.0,0.179,-5.8,0.0324,89.957,HOTBOX,11.0,0.123
0.25,GOOD MAN (Deluxe),album,Ne-Yo,0.805,2018-06-08,0.629,0.0,"['dance pop', 'pop', 'pop rap', 'r&b', 'urban contemporary']",0.000204,9.0,Motown (Capitol),208053.0,0.0563,-7.304,0.0319,119.996,OVER U,12.0,0.487
0.637,GOOD MAN (Deluxe),album,Ne-Yo,0.573,2018-06-08,0.507,1.0,"['dance pop', 'pop', 'pop rap', 'r&b', 'urban contemporary']",4.74e-06,1.0,Motown (Capitol),194493.0,0.0906,-4.873,0.146,86.711,WITHOUT U,13.0,0.338
0.255,GOOD MAN (Deluxe),album,Ne-Yo,0.621,2018-06-08,0.588,1.0,"['dance pop', 'pop', 'pop rap', 'r&b', 'urban contemporary']",0.0,10.0,Motown (Capitol),247706.0,0.122,-6.916,0.0818,144.081,APOLOGY,14.0,0.5
0.153,GOOD MAN (Deluxe),album,Ne-Yo,0.362,2018-06-08,0.449,0.0,"['dance pop', 'pop', 'pop rap', 'r&b', 'urban contemporary']",0.000177,9.0,Motown (Capitol),224120.0,0.16,-7.7,0.0474,97.876,OCEAN SURE,15.0,0.197
0.523,GOOD MAN (Deluxe),album,Ne-Yo,0.718,2018-06-08,0.336,0.0,"['dance pop', 'pop', 'pop rap', 'r&b', 'urban contemporary']",0.0,8.0,Motown (Capitol),26320.0,0.796,-19.411,0.93,115.677,“The Struggle…” (Interlude),16.0,0.755
0.334,GOOD MAN (Deluxe),album,Ne-Yo,0.683,2018-06-08,0.566,0.0,"['dance pop', 'pop', 'pop rap', 'r&b', 'urban contemporary']",0.0,9.0,Motown (Capitol),229840.0,0.397,-5.965,0.255,73.023,GOOD MAN,17.0,0.494
0.0799,GOOD MAN (Deluxe),album,Ne-Yo,0.87,2018-06-08,0.564,0.0,"['dance pop', 'pop', 'pop rap', 'r&b', 'urban contemporary']",0.144,1.0,Motown (Capitol),228680.0,0.059,-5.767,0.0424,109.989,POUR ME UP,18.0,0.529
0.192,GOOD MAN (Deluxe),album,Ne-Yo,0.738,2018-06-08,0.454,0.0,"['dance pop', 'pop', 'pop rap', 'r&b', 'urban contemporary']",0.0,1.0,Motown (Capitol),223920.0,0.144,-5.551,0.0332,105.012,WON'T BE OFTEN,19.0,0.477
0.0117,GOOD MAN (Deluxe),album,Ne-Yo,0.687,2018-06-08,0.664,0.0,"['dance pop', 'pop', 'pop rap', 'r&b', 'urban contemporary']",0.00189,0.0,Motown (Capitol),211600.0,0.153,-6.001,0.0323,108.975,RESET THE NIGHT,20.0,0.441
0.243,Lost & Found,album,Jorja Smith,0.653,2018-06-08,0.5,0.0,"['indie r&b', 'pop', 'r&b']",0.0027,0.0,FAMM,314433.0,0.105,-9.203,0.108,76.041,Lost & Found,1.0,0.325
0.47,Lost & Found,album,Jorja Smith,0.583,2018-06-08,0.677,0.0,"['indie r&b', 'pop', 'r&b']",0.193,4.0,FAMM,226906.0,0.43,-10.21,0.439,176.119,Teenage Fantasy,2.0,0.495
0.365,Lost & Found,album,Jorja Smith,0.714,2018-06-08,0.59,0.0,"['indie r&b', 'pop', 'r&b']",0.167,5.0,FAMM,191992.0,0.0844,-9.849,0.0812,97.048,Where Did I Go?,3.0,0.357
0.453,Lost & Found,album,Jorja Smith,0.624,2018-06-08,0.453,0.0,"['indie r&b', 'pop', 'r&b']",0.000995,6.0,FAMM,242035.0,0.13,-9.184,0.0369,84.815,February 3rd,4.0,0.272
0.0013,Lost & Found,album,Jorja Smith,0.549,2018-06-08,0.543,0.0,"['indie r&b', 'pop', 'r&b']",0.00945,6.0,FAMM,241984.0,0.105,-7.485,0.0351,157.977,On Your Own,5.0,0.0791
0.606,Lost & Found,album,Jorja Smith,0.485,2018-06-08,0.458,0.0,"['indie r&b', 'pop', 'r&b']",0.00045,1.0,FAMM,275618.0,0.12,-8.676,0.0525,78.558,Wandering Romance,7.0,0.102
0.666,Lost & Found,album,Jorja Smith,0.692,2018-06-08,0.57,0.0,"['indie r&b', 'pop', 'r&b']",0.0,7.0,FAMM,250454.0,0.107,-8.077,0.185,91.917,Blue Lights,8.0,0.309
0.43,Lost & Found,album,Jorja Smith,0.766,2018-06-08,0.734,0.0,"['indie r&b', 'pop', 'r&b']",0.0,0.0,FAMM,172490.0,0.257,-8.699,0.351,92.671,Lifeboats (Freestyle),9.0,0.508
0.866,Lost & Found,album,Jorja Smith,0.512,2018-06-08,0.184,0.0,"['indie r&b', 'pop', 'r&b']",0.0,9.0,FAMM,230929.0,0.284,-8.812,0.0587,85.82,Goodbyes,10.0,0.37
0.611,Lost & Found,album,Jorja Smith,0.642,2018-06-08,0.459,0.0,"['indie r&b', 'pop', 'r&b']",0.000156,2.0,FAMM,232630.0,0.113,-6.346,0.0432,80.19,Tomorrow,11.0,0.128
0.887,Lost & Found,album,Jorja Smith,0.559,2018-06-08,0.157,0.0,"['indie r&b', 'pop', 'r&b']",0.0,1.0,FAMM,190429.0,0.107,-10.132,0.0414,130.877,Don't Watch Me Cry,12.0,0.348
0.00261,Lose It,single,Kane Brown,0.549,2018-06-07,0.869,0.0,"['contemporary country', 'country road']",1.77e-06,4.0,RCA Records Label Nashville,178732.0,0.29,-4.905,0.0289,91.988,Lose It,1.0,0.433
0.0272,Summer Fever,single,Little Big Town,0.684,2018-06-06,0.764,0.0,"['contemporary country', 'country', 'country dawn', 'country road', 'modern country rock']",0.0,6.0,Capitol Nashville,185990.0,0.135,-4.734,0.0348,104.955,Summer Fever,1.0,0.905
0.00403,The Mountain,album,Dierks Bentley,0.609,2018-06-08,0.807,0.0,"['contemporary country', 'country', 'country road']",5.42e-06,5.0,Capitol Nashville,238493.0,0.0926,-7.221,0.0972,119.073,Burning Man,1.0,0.492
0.0253,The Mountain,album,Dierks Bentley,0.471,2018-06-08,0.839,0.0,"['contemporary country', 'country', 'country road']",4.31e-05,10.0,Capitol Nashville,284440.0,0.367,-5.455,0.0762,147.98,The Mountain,2.0,0.585
0.0153,The Mountain,album,Dierks Bentley,0.517,2018-06-08,0.813,0.0,"['contemporary country', 'country', 'country road']",0.0,1.0,Capitol Nashville,222146.0,0.106,-6.325,0.0558,83.005,Living,3.0,0.444
0.0059,The Mountain,album,Dierks Bentley,0.558,2018-06-08,0.862,0.0,"['contemporary country', 'country', 'country road']",0.00504,5.0,Capitol Nashville,286293.0,0.0829,-7.418,0.0347,87.019,You Can't Bring Me Down,5.0,0.796
0.506,The Mountain,album,Dierks Bentley,0.59,2018-06-08,0.667,0.0,"['contemporary country', 'country', 'country road']",0.000714,2.0,Capitol Nashville,227333.0,0.103,-8.169,0.0368,78.016,Nothing On But The Stars,6.0,0.329
0.217,The Mountain,album,Dierks Bentley,0.662,2018-06-08,0.596,0.0,"['contemporary country', 'country', 'country road']",0.0,1.0,Capitol Nashville,189173.0,0.147,-6.733,0.0385,101.016,Goodbye In Telluride,7.0,0.625
0.81,The Mountain,album,Dierks Bentley,0.488,2018-06-08,0.379,0.0,"['contemporary country', 'country', 'country road']",4.01e-05,2.0,Capitol Nashville,185173.0,0.0714,-10.511,0.0494,85.634,My Religion,8.0,0.237
0.0303,The Mountain,album,Dierks Bentley,0.646,2018-06-08,0.7,0.0,"['contemporary country', 'country', 'country road']",1.57e-05,1.0,Capitol Nashville,217600.0,0.178,-7.258,0.0404,116.937,One Way,9.0,0.567
0.0712,The Mountain,album,Dierks Bentley,0.507,2018-06-08,0.754,0.0,"['contemporary country', 'country', 'country road']",4.51e-05,9.0,Capitol Nashville,190253.0,0.318,-6.921,0.0324,81.984,Son Of The Sun,10.0,0.582
0.22,The Mountain,album,Dierks Bentley,0.439,2018-06-08,0.612,0.0,"['contemporary country', 'country', 'country road']",6.99e-06,1.0,Capitol Nashville,204573.0,0.146,-7.617,0.0417,169.867,Stranger To Myself,11.0,0.367
0.0916,The Mountain,album,Dierks Bentley,0.494,2018-06-08,0.891,0.0,"['contemporary country', 'country', 'country road']",1.85e-06,4.0,Capitol Nashville,194546.0,0.244,-5.633,0.0757,176.034,Travelin' Light,12.0,0.746
0.334,The Mountain,album,Dierks Bentley,0.562,2018-06-08,0.628,0.0,"['contemporary country', 'country', 'country road']",4.33e-05,11.0,Capitol Nashville,218033.0,0.0775,-7.99,0.0316,80.966,How I'm Going Out,13.0,0.621
0.678,so sad so sexy,album,Lykke Li,0.489,2018-06-08,0.343,0.0,"['art pop', 'chamber pop', 'folk-pop', 'indie pop', 'indie r&b', 'indietronica', 'pop', 'swedish indie pop', 'swedish pop']",1.8e-06,2.0,LL Recordings/RCA Records,210982.0,0.0516,-9.991,0.0389,72.074,hard rain,1.0,0.109
0.288,so sad so sexy,album,Lykke Li,0.538,2018-06-08,0.586,1.0,"['art pop', 'chamber pop', 'folk-pop', 'indie pop', 'indie r&b', 'indietronica', 'pop', 'swedish indie pop', 'swedish pop']",1.73e-06,11.0,LL Recordings/RCA Records,185728.0,0.116,-6.937,0.0482,138.762,deep end,2.0,0.381
0.71,so sad so sexy,album,Lykke Li,0.668,2018-06-08,0.445,0.0,"['art pop', 'chamber pop', 'folk-pop', 'indie pop', 'indie r&b', 'indietronica', 'pop', 'swedish indie pop', 'swedish pop']",0.0,0.0,LL Recordings/RCA Records,204360.0,0.114,-7.195,0.0495,119.721,two nights,3.0,0.391
0.369,so sad so sexy,album,Lykke Li,0.582,2018-06-08,0.47,1.0,"['art pop', 'chamber pop', 'folk-pop', 'indie pop', 'indie r&b', 'indietronica', 'pop', 'swedish indie pop', 'swedish pop']",1.96e-05,11.0,LL Recordings/RCA Records,185320.0,0.134,-8.177,0.0437,110.77,last piece,4.0,0.205
0.0776,so sad so sexy,album,Lykke Li,0.704,2018-06-08,0.706,0.0,"['art pop', 'chamber pop', 'folk-pop', 'indie pop', 'indie r&b', 'indietronica', 'pop', 'swedish indie pop', 'swedish pop']",7.31e-05,10.0,LL Recordings/RCA Records,217493.0,0.107,-6.159,0.0611,143.968,jaguars in the air,5.0,0.231
0.323,so sad so sexy,album,Lykke Li,0.789,2018-06-08,0.534,1.0,"['art pop', 'chamber pop', 'folk-pop', 'indie pop', 'indie r&b', 'indietronica', 'pop', 'swedish indie pop', 'swedish pop']",3.42e-06,8.0,LL Recordings/RCA Records,139840.0,0.0645,-6.347,0.0709,134.055,sex money feelings die,6.0,0.631
0.706,so sad so sexy,album,Lykke Li,0.507,2018-06-08,0.404,0.0,"['art pop', 'chamber pop', 'folk-pop', 'indie pop', 'indie r&b', 'indietronica', 'pop', 'swedish indie pop', 'swedish pop']",4.44e-06,11.0,LL Recordings/RCA Records,212426.0,0.0963,-5.75,0.0376,133.479,so sad so sexy,7.0,0.134
0.459,so sad so sexy,album,Lykke Li,0.468,2018-06-08,0.428,0.0,"['art pop', 'chamber pop', 'folk-pop', 'indie pop', 'indie r&b', 'indietronica', 'pop', 'swedish indie pop', 'swedish pop']",2.12e-05,0.0,LL Recordings/RCA Records,271946.0,0.204,-10.775,0.0343,79.82,better alone,8.0,0.176
0.585,so sad so sexy,album,Lykke Li,0.331,2018-06-08,0.32,0.0,"['art pop', 'chamber pop', 'folk-pop', 'indie pop', 'indie r&b', 'indietronica', 'pop', 'swedish indie pop', 'swedish pop']",0.0,5.0,LL Recordings/RCA Records,194733.0,0.0812,-8.191,0.0355,89.906,bad woman,9.0,0.25
0.547,so sad so sexy,album,Lykke Li,0.364,2018-06-08,0.413,1.0,"['art pop', 'chamber pop', 'folk-pop', 'indie pop', 'indie r&b', 'indietronica', 'pop', 'swedish indie pop', 'swedish pop']",0.000733,0.0,LL Recordings/RCA Records,223266.0,0.105,-6.506,0.0286,83.678,utopia,10.0,0.313
0.0757,The Bloodiest,single,Jay Rock,0.635,2018-06-08,0.652,1.0,"['dirty south rap', 'gangster rap', 'hip hop', 'indie r&b', 'pop', 'pop rap', 'rap', 'southern hip hop', 'trap music', 'underground hip hop']",3.35e-05,0.0,Jay Rock (TDE/ISR) JV,183421.0,0.334,-4.303,0.127,147.955,The Bloodiest,1.0,0.322
0.00693,Rampage,single,GRAVEDGR,0.606,2018-06-08,0.866,1.0,[],4.88e-05,11.0,Heavyweight Records,179020.0,0.345,-3.044,0.365,75.135,RAMPAGE,1.0,0.368
0.0983,Pa Mi (with Ozuna),single,Tory Lanez,0.596,2018-06-08,0.557,1.0,"['canadian hip hop', 'hip hop', 'indie r&b', 'pop', 'pop rap', 'r&b', 'rap', 'southern hip hop', 'trap music']",0.0,1.0,Benny Blanco Major,216689.0,0.0565,-7.522,0.134,133.247,Pa Mi (with Ozuna),1.0,0.661
0.0175,SUPERFLY (Original Motion Picture Soundtrack),album,Sleepy Brown,0.645,2018-06-08,0.785,1.0,[],5.61e-06,0.0,Epic/Freebandz/A1,277946.0,0.0898,-6.868,0.0353,110.994,If You Want It (Sleepy Brown feat. Scar),1.0,0.569
0.0691,SUPERFLY (Original Motion Picture Soundtrack),album,Future,0.841,2018-06-08,0.824,1.0,"['pop', 'pop rap', 'rap', 'southern hip hop', 'trap music']",0.000126,1.0,Epic/Freebandz/A1,182220.0,0.192,-6.242,0.243,152.068,What's Up With That (Future feat. 21 Savage),2.0,0.653
0.162,SUPERFLY (Original Motion Picture Soundtrack),album,Future,0.362,2018-06-08,0.755,1.0,"['pop', 'pop rap', 'rap', 'southern hip hop', 'trap music']",0.0,2.0,Epic/Freebandz/A1,234418.0,0.342,-7.187,0.311,173.719,No Shame (Future feat. PARTYNEXTDOOR),3.0,0.236
0.0213,SUPERFLY (Original Motion Picture Soundtrack),album,Future,0.75,2018-06-08,0.794,1.0,"['pop', 'pop rap', 'rap', 'southern hip hop', 'trap music']",0.0,11.0,Epic/Freebandz/A1,218141.0,0.359,-6.539,0.168,129.993,Walk On Minks (Future),4.0,0.645
0.0303,SUPERFLY (Original Motion Picture Soundtrack),album,Future,0.884,2018-06-08,0.896,1.0,"['pop', 'pop rap', 'rap', 'southern hip hop', 'trap music']",7.23e-05,8.0,Epic/Freebandz/A1,181162.0,0.0913,-4.669,0.131,149.021,Tie My Shoes (Future feat. Young Thug),5.0,0.711
0.0278,SUPERFLY (Original Motion Picture Soundtrack),album,Future,0.885,2018-06-08,0.713,1.0,"['pop', 'pop rap', 'rap', 'southern hip hop', 'trap music']",0.000318,1.0,Epic/Freebandz/A1,182132.0,0.154,-4.853,0.261,148.058,Stains (Future),6.0,0.275
0.0445,SUPERFLY (Original Motion Picture Soundtrack),album,Future,0.758,2018-06-08,0.765,1.0,"['pop', 'pop rap', 'rap', 'southern hip hop', 'trap music']",1.08e-05,6.0,Epic/Freebandz/A1,152257.0,0.0999,-5.067,0.117,139.993,Show My Chain Some Love (Future feat. Young Thug),7.0,0.448
0.115,SUPERFLY (Original Motion Picture Soundtrack),album,Miguel,0.538,2018-06-08,0.626,1.0,"['dance pop', 'indie r&b', 'pop', 'pop rap', 'r&b', 'rap']",1e-05,5.0,Epic/Freebandz/A1,243235.0,0.137,-8.272,0.0455,132.908,R.A.N. (Miguel),8.0,0.241
0.694,SUPERFLY (Original Motion Picture Soundtrack),album,Khalid,0.62,2018-06-08,0.282,1.0,"['indie r&b', 'pop']",0.0,5.0,Epic/Freebandz/A1,211204.0,0.119,-10.533,0.0464,124.609,This Way (Khalid x H.E.R.),9.0,0.193
0.0811,SUPERFLY (Original Motion Picture Soundtrack),album,Future,0.857,2018-06-08,0.457,1.0,"['pop', 'pop rap', 'rap', 'southern hip hop', 'trap music']",0.0,9.0,Epic/Freebandz/A1,196993.0,0.191,-8.939,0.297,132.01,Bag (Future feat. Yung Bans),10.0,0.616
0.018,SUPERFLY (Original Motion Picture Soundtrack),album,Future,0.831,2018-06-08,0.604,1.0,"['pop', 'pop rap', 'rap', 'southern hip hop', 'trap music']",0.0,8.0,Epic/Freebandz/A1,214933.0,0.283,-6.08,0.251,142.985,Drive Itself (Future feat. Lil Wayne),11.0,0.141
0.0413,SUPERFLY (Original Motion Picture Soundtrack),album,Future,0.862,2018-06-08,0.763,1.0,"['pop', 'pop rap', 'rap', 'southern hip hop', 'trap music']",1.21e-05,10.0,Epic/Freebandz/A1,164001.0,0.135,-4.936,0.183,150.029,Money Train (Future feat. Young Thug & Gunna),12.0,0.691
0.0813,SUPERFLY (Original Motion Picture Soundtrack),album,Future,0.817,2018-06-08,0.493,1.0,"['pop', 'pop rap', 'rap', 'southern hip hop', 'trap music']",2.42e-06,0.0,Epic/Freebandz/A1,270587.0,0.114,-5.09,0.134,137.104,Nowhere (Future),13.0,0.227
0.0317,Bring It Back,single,Rich The Kid,0.863,2018-06-08,0.613,1.0,"['pop', 'pop rap', 'rap', 'southern hip hop', 'trap music']",0.0,1.0,Rich The Kid / (TDE/ISR PS),169488.0,0.106,-6.005,0.101,85.012,Bring It Back,1.0,0.411
0.286,Genie,single,YoungBoy Never Broke Again,0.598,2018-06-08,0.605,1.0,['trap music'],0.0,7.0,"Never Broke Again, LLC",194791.0,0.0875,-4.92,0.452,159.517,Genie,1.0,0.513
0.359,Midsummer Madness,single,88rising,0.409,2018-06-07,0.678,1.0,[],4.76e-06,9.0,"88rising Music/12Tone Music, LLC",280841.0,0.167,-7.731,0.0878,89.968,Midsummer Madness,1.0,0.168
